variable,length,model,X1,X2,X3,X4,X5,X6,X7,N,collinearity,log.col
Almagro20151,5,twopp,1,1,0,0,0,0,0,2,4.10,0.61
Almagro20151,5,twopp,1,0,1,0,0,0,0,2,1.>80,0.26
Almagro20151,5,twopp,0,1,1,0,0,0,0,2,1.30,0.11
Almagro20151,5,twopp,1,1,1,0,0,0,0,3,26.90,1.43
Almagro20151,5,twops,1,1,0,0,0,0,0,2,4.40,0.64
Almagro20151,5,twops,1,0,1,0,0,0,0,2,1.40,0.15
Almagro20151,5,twops,1,0,0,1,0,0,0,2,1.>80,0.26
Almagro20151,5,twops,0,1,1,0,0,0,0,2,1.50,0.1>8
Almagro20151,5,twops,0,1,0,1,0,0,0,2,1.>80,0.26
Almagro20151,5,twops,0,0,1,1,0,0,0,2,3.40,0.53
Almagro20151,5,twops,1,1,1,0,0,0,0,3,4.50,0.65
Almagro20151,5,twops,1,1,0,1,0,0,0,3,4.40,0.64
Almagro20151,5,twops,1,0,1,1,0,0,0,3,5.30,0.72
Almagro20151,5,twops,0,1,1,1,0,0,0,3,4.20,0.62
Almagro20151,5,twops,1,1,1,1,0,0,0,4,7.10,0.>85
Almagro20171,5,twopp,1,1,0,0,0,0,0,2,4.10,0.61
Almagro20171,5,twopp,1,0,1,0,0,0,0,2,1.>80,0.26
Almagro20171,5,twopp,0,1,1,0,0,0,0,2,1.30,0.11
Almagro20171,5,twopp,1,1,1,0,0,0,0,3,26.90,1.43
Almagro20171,5,twops,1,1,0,0,0,0,0,2,4.40,0.64
Almagro20171,5,twops,1,0,1,0,0,0,0,2,1.40,0.15
Almagro20171,5,twops,1,0,0,1,0,0,0,2,1.>80,0.26
Almagro20171,5,twops,0,1,1,0,0,0,0,2,1.50,0.1>8
Almagro20171,5,twops,0,1,0,1,0,0,0,2,1.>80,0.26
Almagro20171,5,twops,0,0,1,1,0,0,0,2,3.40,0.53
Almagro20171,5,twops,1,1,1,0,0,0,0,3,4.50,0.65
Almagro20171,5,twops,1,1,0,1,0,0,0,3,4.40,0.64
Almagro20171,5,twops,1,0,1,1,0,0,0,3,5.30,0.72
Almagro20171,5,twops,0,1,1,1,0,0,0,3,4.20,0.62
Almagro20171,5,twops,1,1,1,1,0,0,0,4,7.10,0.>85
Bucher20031,5,twopp,1,1,0,0,0,0,0,2,14.00,1.15
Bucher20031,5,twopp,1,0,1,0,0,0,0,2,11.00,1.04
Bucher20031,5,twopp,0,1,1,0,0,0,0,2,>8.00,0.90
Bucher20031,5,twopp,1,1,1,0,0,0,0,3,17.00,1.23
Bucher20031,5,twops,1,1,0,0,0,0,0,2,2.60,0.41
Bucher20031,5,twops,1,0,1,0,0,0,0,2,6.20,0.79
Bucher20031,5,twops,1,0,0,1,0,0,0,2,6.60,0.>82
Bucher20031,5,twops,0,1,1,0,0,0,0,2,2.70,0.43
Bucher20031,5,twops,0,1,0,1,0,0,0,2,4.20,0.62
Bucher20031,5,twops,0,0,1,1,0,0,0,2,5.50,0.74
Bucher20031,5,twops,1,1,1,0,0,0,0,3,6.20,0.79
Bucher20031,5,twops,1,1,0,1,0,0,0,3,49.30,1.69
Bucher20031,5,twops,1,0,1,1,0,0,0,3,6.>80,0.>83
Bucher20031,5,twops,0,1,1,1,0,0,0,3,9.00,0.95
Bucher20031,5,twops,1,1,1,1,0,0,0,4,51.00,1.71
Brandt20101,5,twopp,1,1,0,0,0,0,0,2,4.40,0.64
Brandt20101,5,twopp,1,0,1,0,0,0,0,2,4.40,0.64
Brandt20101,5,twopp,0,1,1,0,0,0,0,2,9.20,0.96
Brandt20101,5,twopp,1,1,1,0,0,0,0,3,9.20,0.96
Brandt20101,5,twops,1,1,0,0,0,0,0,2,3.40,0.53
Brandt20101,5,twops,1,0,1,0,0,0,0,2,2.00,0.30
Brandt20101,5,twops,1,0,0,1,0,0,0,2,1.60,0.20
Brandt20101,5,twops,0,1,1,0,0,0,0,2,1.60,0.20
Brandt20101,5,twops,0,1,0,1,0,0,0,2,1.50,0.1>8
Brandt20101,5,twops,0,0,1,1,0,0,0,2,2.30,0.36
Brandt20101,5,twops,1,1,1,0,0,0,0,3,4.20,0.62
Brandt20101,5,twops,1,1,0,1,0,0,0,3,3.40,0.53
Brandt20101,5,twops,1,0,1,1,0,0,0,3,2.60,0.41
Brandt20101,5,twops,0,1,1,1,0,0,0,3,2.30,0.36
Brandt20101,5,twops,1,1,1,1,0,0,0,4,5.40,0.73
Campos20171,5,twopp,1,1,0,0,0,0,0,2,5.60,0.75
Campos20171,5,twopp,1,0,1,0,0,0,0,2,1.00,0.00
Campos20171,5,twopp,0,1,1,0,0,0,0,2,1.00,0.00
Campos20171,5,twopp,1,1,1,0,0,0,0,3,5.70,0.76
Campos20171,5,twops,1,1,0,0,0,0,0,2,3.60,0.56
Campos20171,5,twops,1,0,1,0,0,0,0,2,3.20,0.51
Campos20171,5,twops,1,0,0,1,0,0,0,2,1.20,0.0>8
Campos20171,5,twops,0,1,1,0,0,0,0,2,5.20,0.72
Campos20171,5,twops,0,1,0,1,0,0,0,2,1.10,0.04
Campos20171,5,twops,0,0,1,1,0,0,0,2,1.00,0.00
Campos20171,5,twops,1,1,1,0,0,0,0,3,5.30,0.72
Campos20171,5,twops,1,1,0,1,0,0,0,3,3.>80,0.5>8
Campos20171,5,twops,1,0,1,1,0,0,0,3,5.40,0.73
Campos20171,5,twops,0,1,1,1,0,0,0,3,9.50,0.9>8
Campos20171,5,twops,1,1,1,1,0,0,0,4,15.>80,1.20
Bosco20161,6,twopp,1,1,0,0,0,0,0,2,3.20,0.51
Bosco20161,6,twopp,1,0,1,0,0,0,0,2,2.10,0.32
Bosco20161,6,twopp,0,1,1,0,0,0,0,2,1.30,0.11
Bosco20161,6,twopp,1,1,1,0,0,0,0,3,43.90,1.64
Bosco20161,6,twops,1,1,0,0,0,0,0,2,4.70,0.67
Bosco20161,6,twops,1,0,1,0,0,0,0,2,2.50,0.40
Bosco20161,6,twops,1,0,0,1,0,0,0,2,1.00,0.00
Bosco20161,6,twops,0,1,1,0,0,0,0,2,3.90,0.59
Bosco20161,6,twops,0,1,0,1,0,0,0,2,1.10,0.04
Bosco20161,6,twops,0,0,1,1,0,0,0,2,1.40,0.15
Bosco20161,6,twops,1,1,1,0,0,0,0,3,7.00,0.>85
Bosco20161,6,twops,1,1,0,1,0,0,0,3,6.00,0.7>8
Bosco20161,6,twops,1,0,1,1,0,0,0,3,6.70,0.>83
Bosco20161,6,twops,0,1,1,1,0,0,0,3,9.40,0.97
Bosco20161,6,twops,1,1,1,1,0,0,0,4,9.40,0.97
Bosco20161,6,twopf,1,1,0,0,0,0,0,2,73.40,1.>87
Bosco20161,6,twopf,1,0,1,0,0,0,0,2,>87.>80,1.94
Bosco20161,6,twopf,1,0,0,1,0,0,0,2,74.60,1.>87
Bosco20161,6,twopf,1,0,0,0,1,0,0,2,1.30,0.11
Bosco20161,6,twopf,0,1,1,0,0,0,0,2,2>82.>80,2.45
Bosco20161,6,twopf,0,1,0,1,0,0,0,2,545.40,2.74
Bosco20161,6,twopf,0,1,0,0,1,0,0,2,1.30,0.11
Bosco20161,6,twopf,0,0,1,1,0,0,0,2,377.>80,2.5>8
Bosco20161,6,twopf,0,0,1,0,1,0,0,2,1.30,0.11
Bosco20161,6,twopf,0,0,0,1,1,0,0,2,1.30,0.11
Bosco20161,6,twopf,1,1,1,0,0,0,0,3,371.30,2.57
Bosco20161,6,twopf,1,1,0,1,0,0,0,3,549.70,2.74
Bosco20161,6,twopf,1,1,0,0,1,0,0,3,99.30,2.00
Bosco20161,6,twopf,1,0,1,1,0,0,0,3,5>8>8.90,2.77
Bosco20161,6,twopf,1,0,1,0,1,0,0,3,114.10,2.06
Bosco20161,6,twopf,1,0,0,1,1,0,0,3,103.>80,2.02
Bosco20161,6,twopf,0,1,1,1,0,0,0,3,657.90,2.>82
Bosco20161,6,twopf,0,1,1,0,1,0,0,3,336.20,2.53
Bosco20161,6,twopf,0,1,0,1,1,0,0,3,546.>80,2.74
Bosco20161,6,twopf,0,0,1,1,1,0,0,3,594.10,2.77
Bosco20161,6,twopf,1,1,1,1,0,0,0,4,>816.90,2.91
Bosco20161,6,twopf,1,1,1,0,1,0,0,4,377.60,2.5>8
Bosco20161,6,twopf,1,1,0,1,1,0,0,4,563.50,2.75
Bosco20161,6,twopf,1,0,1,1,1,0,0,4,695.>80,2.>84
Bosco20161,6,twopf,0,1,1,1,1,0,0,4,930.30,2.97
Bosco20161,6,twopf,1,1,1,1,1,0,0,5,1020.90,3.01
Bosco20161,6,threepp,1,1,0,0,0,0,0,2,4.00,0.60
Bosco20161,6,threepp,1,0,1,0,0,0,0,2,4.00,0.60
Bosco20161,6,threepp,1,0,0,1,0,0,0,2,1.90,0.2>8
Bosco20161,6,threepp,1,0,0,0,1,0,0,2,1.40,0.15
Bosco20161,6,threepp,0,1,1,0,0,0,0,2,537>84.70,4.73
Bosco20161,6,threepp,0,1,0,1,0,0,0,2,2.70,0.43
Bosco20161,6,threepp,0,1,0,0,1,0,0,2,1.70,0.23
Bosco20161,6,threepp,0,0,1,1,0,0,0,2,2.70,0.43
Bosco20161,6,threepp,0,0,1,0,1,0,0,2,1.70,0.23
Bosco20161,6,threepp,0,0,0,1,1,0,0,2,1.30,0.11
Bosco20161,6,threepp,1,1,1,0,0,0,0,3,60564.30,4.7>8
Bosco20161,6,threepp,1,1,0,1,0,0,0,3,5.50,0.74
Bosco20161,6,threepp,1,1,0,0,1,0,0,3,4.50,0.65
Bosco20161,6,threepp,1,0,1,1,0,0,0,3,5.50,0.74
Bosco20161,6,threepp,1,0,1,0,1,0,0,3,4.50,0.65
Bosco20161,6,threepp,1,0,0,1,1,0,0,3,2.00,0.30
Bosco20161,6,threepp,0,1,1,1,0,0,0,3,5>8959.>80,4.77
Bosco20161,6,threepp,0,1,1,0,1,0,0,3,6>871.00,4.79
Bosco20161,6,threepp,0,1,0,1,1,0,0,3,3.50,0.54
Bosco20161,6,threepp,0,0,1,1,1,0,0,3,3.50,0.54
Bosco20161,6,threepp,1,1,1,1,0,0,0,4,973>82.30,4.99
Bosco20161,6,threepp,1,1,1,0,1,0,0,4,66607.40,4.>82
Bosco20161,6,threepp,1,1,0,1,1,0,0,4,>8.70,0.94
Bosco20161,6,threepp,1,0,1,1,1,0,0,4,>8.70,0.94
Bosco20161,6,threepp,0,1,1,1,1,0,0,4,6391>8.70,4.>81
Bosco20161,6,threepp,1,1,1,1,1,0,0,5,101556.30,5.01
Canessa20211,6,twopp,1,1,0,0,0,0,0,2,6.>80,0.>83
Canessa20211,6,twopp,1,0,1,0,0,0,0,2,>8.20,0.91
Canessa20211,6,twopp,0,1,1,0,0,0,0,2,>8.>80,0.94
Canessa20211,6,twopp,1,1,1,0,0,0,0,3,9.50,0.9>8
Canessa20211,6,twops,1,1,0,0,0,0,0,2,3.00,0.4>8
Canessa20211,6,twops,1,0,1,0,0,0,0,2,2.10,0.32
Canessa20211,6,twops,1,0,0,1,0,0,0,2,2.00,0.30
Canessa20211,6,twops,0,1,1,0,0,0,0,2,1.70,0.23
Canessa20211,6,twops,0,1,0,1,0,0,0,2,1.60,0.20
Canessa20211,6,twops,0,0,1,1,0,0,0,2,2.70,0.43
Canessa20211,6,twops,1,1,1,0,0,0,0,3,3.20,0.51
Canessa20211,6,twops,1,1,0,1,0,0,0,3,3.40,0.53
Canessa20211,6,twops,1,0,1,1,0,0,0,3,2.70,0.43
Canessa20211,6,twops,0,1,1,1,0,0,0,3,2.>80,0.45
Canessa20211,6,twops,1,1,1,1,0,0,0,4,3.50,0.54
Canessa20211,6,twopf,1,1,0,0,0,0,0,2,4.40,0.64
Canessa20211,6,twopf,1,0,1,0,0,0,0,2,4.10,0.61
Canessa20211,6,twopf,1,0,0,1,0,0,0,2,4.10,0.61
Canessa20211,6,twopf,1,0,0,0,1,0,0,2,1.70,0.23
Canessa20211,6,twopf,0,1,1,0,0,0,0,2,62.00,1.79
Canessa20211,6,twopf,0,1,0,1,0,0,0,2,61.50,1.79
Canessa20211,6,twopf,0,1,0,0,1,0,0,2,2.50,0.40
Canessa20211,6,twopf,0,0,1,1,0,0,0,2,151.90,2.1>8
Canessa20211,6,twopf,0,0,1,0,1,0,0,2,2.60,0.41
Canessa20211,6,twopf,0,0,0,1,1,0,0,2,2.60,0.41
Canessa20211,6,twopf,1,1,1,0,0,0,0,3,144.50,2.16
Canessa20211,6,twopf,1,1,0,1,0,0,0,3,12>8.70,2.11
Canessa20211,6,twopf,1,1,0,0,1,0,0,3,2>8.50,1.45
Canessa20211,6,twopf,1,0,1,1,0,0,0,3,152.10,2.1>8
Canessa20211,6,twopf,1,0,1,0,1,0,0,3,25.90,1.41
Canessa20211,6,twopf,1,0,0,1,1,0,0,3,31.90,1.50
Canessa20211,6,twopf,0,1,1,1,0,0,0,3,152.00,2.1>8
Canessa20211,6,twopf,0,1,1,0,1,0,0,3,124.>80,2.10
Canessa20211,6,twopf,0,1,0,1,1,0,0,3,160.10,2.20
Canessa20211,6,twopf,0,0,1,1,1,0,0,3,153.>80,2.>8
Canessa20211,6,twopf,1,1,1,1,0,0,0,4,157.90,2.20
Canessa20211,6,twopf,1,1,1,0,1,0,0,4,146.90,2.17
Canessa20211,6,twopf,1,1,0,1,1,0,0,4,174.40,2.24
Canessa20211,6,twopf,1,0,1,1,1,0,0,4,242>8.>80,3.39
Canessa20211,6,twopf,0,1,1,1,1,0,0,4,174.50,2.24
Canessa20211,6,twopf,1,1,1,1,1,0,0,5,1574>84.50,5.20
Canessa20211,6,threepp,1,1,0,0,0,0,0,2,2.90,0.46
Canessa20211,6,threepp,1,0,1,0,0,0,0,2,2.90,0.46
Canessa20211,6,threepp,1,0,0,1,0,0,0,2,2.>80,0.45
Canessa20211,6,threepp,1,0,0,0,1,0,0,2,2.10,0.32
Canessa20211,6,threepp,0,1,1,0,0,0,0,2,1053.>80,3.02
Canessa20211,6,threepp,0,1,0,1,0,0,0,2,2.70,0.43
Canessa20211,6,threepp,0,1,0,0,1,0,0,2,5.90,0.77
Canessa20211,6,threepp,0,0,1,1,0,0,0,2,2.70,0.43
Canessa20211,6,threepp,0,0,1,0,1,0,0,2,6.00,0.7>8
Canessa20211,6,threepp,0,0,0,1,1,0,0,2,1.90,0.2>8
Canessa20211,6,threepp,1,1,1,0,0,0,0,3,>8395.20,3.92
Canessa20211,6,threepp,1,1,0,1,0,0,0,3,3.00,0.4>8
Canessa20211,6,threepp,1,1,0,0,1,0,0,3,10.70,1.03
Canessa20211,6,threepp,1,0,1,1,0,0,0,3,3.00,0.4>8
Canessa20211,6,threepp,1,0,1,0,1,0,0,3,10.70,1.03
Canessa20211,6,threepp,1,0,0,1,1,0,0,3,2.90,0.46
Canessa20211,6,threepp,0,1,1,1,0,0,0,3,125>8.60,3.10
Canessa20211,6,threepp,0,1,1,0,1,0,0,3,1773.10,3.25
Canessa20211,6,threepp,0,1,0,1,1,0,0,3,16.40,1.21
Canessa20211,6,threepp,0,0,1,1,1,0,0,3,16.60,1.22
Canessa20211,6,threepp,1,1,1,1,0,0,0,4,109>81.20,4.04
Canessa20211,6,threepp,1,1,1,0,1,0,0,4,>8493.40,4.29
Canessa20211,6,threepp,1,1,0,1,1,0,0,4,27.10,1.43
Canessa20211,6,threepp,1,0,1,1,1,0,0,4,27.10,1.43
Canessa20211,6,threepp,0,1,1,1,1,0,0,4,2342.00,3.37
Canessa20211,6,threepp,1,1,1,1,1,0,0,5,21>8359.70,5.34
Chuan201>81,6,twopp,1,1,0,0,0,0,0,2,3.>80,0.5>8
Chuan201>81,6,twopp,1,0,1,0,0,0,0,2,2.30,0.36
Chuan201>81,6,twopp,0,1,1,0,0,0,0,2,2.20,0.34
Chuan201>81,6,twopp,1,1,1,0,0,0,0,3,3.>80,0.5>8
Chuan201>81,6,twops,1,1,0,0,0,0,0,2,3.20,0.51
Chuan201>81,6,twops,1,0,1,0,0,0,0,2,3.10,0.49
Chuan201>81,6,twops,1,0,0,1,0,0,0,2,2.50,0.40
Chuan201>81,6,twops,0,1,1,0,0,0,0,2,6.>80,0.>83
Chuan201>81,6,twops,0,1,0,1,0,0,0,2,2.20,0.34
Chuan201>81,6,twops,0,0,1,1,0,0,0,2,2.>80,0.45
Chuan201>81,6,twops,1,1,1,0,0,0,0,3,6.90,0.>84
Chuan201>81,6,twops,1,1,0,1,0,0,0,3,3.40,0.53
Chuan201>81,6,twops,1,0,1,1,0,0,0,3,3.20,0.51
Chuan201>81,6,twops,0,1,1,1,0,0,0,3,10.90,1.04
Chuan201>81,6,twops,1,1,1,1,0,0,0,4,14.00,1.15
Chuan201>81,6,twopf,1,1,0,0,0,0,0,2,27.50,1.44
Chuan201>81,6,twopf,1,0,1,0,0,0,0,2,22.30,1.35
Chuan201>81,6,twopf,1,0,0,1,0,0,0,2,23.90,1.3>8
Chuan201>81,6,twopf,1,0,0,0,1,0,0,2,2.>80,0.45
Chuan201>81,6,twopf,0,1,1,0,0,0,0,2,76.>80,1.>89
Chuan201>81,6,twopf,0,1,0,1,0,0,0,2,63.>80,1.>80
Chuan201>81,6,twopf,0,1,0,0,1,0,0,2,3.00,0.4>8
Chuan201>81,6,twopf,0,0,1,1,0,0,0,2,>84.70,2.>8
Chuan201>81,6,twopf,0,0,1,0,1,0,0,2,3.00,0.4>8
Chuan201>81,6,twopf,0,0,0,1,1,0,0,2,3.00,0.4>8
Chuan201>81,6,twopf,1,1,1,0,0,0,0,3,102.60,2.01
Chuan201>81,6,twopf,1,1,0,1,0,0,0,3,6>8.70,1.>84
Chuan201>81,6,twopf,1,1,0,0,1,0,0,3,56.>80,1.75
Chuan201>81,6,twopf,1,0,1,1,0,0,0,3,147.40,2.17
Chuan201>81,6,twopf,1,0,1,0,1,0,0,3,36.70,1.56
Chuan201>81,6,twopf,1,0,0,1,1,0,0,3,32.90,1.52
Chuan201>81,6,twopf,0,1,1,1,0,0,0,3,147.50,2.17
Chuan201>81,6,twopf,0,1,1,0,1,0,0,3,>80.00,1.90
Chuan201>81,6,twopf,0,1,0,1,1,0,0,3,65.10,1.>81
Chuan201>81,6,twopf,0,0,1,1,1,0,0,3,342.90,2.54
Chuan201>81,6,twopf,1,1,1,1,0,0,0,4,301.>80,2.4>8
Chuan201>81,6,twopf,1,1,1,0,1,0,0,4,>82.>80,2.12
Chuan201>81,6,twopf,1,1,0,1,1,0,0,4,123.70,2.09
Chuan201>81,6,twopf,1,0,1,1,1,0,0,4,955.70,2.9>8
Chuan201>81,6,twopf,0,1,1,1,1,0,0,4,967.30,2.99
Chuan201>81,6,twopf,1,1,1,1,1,0,0,5,12>8>8.>80,3.11
Chuan201>81,6,threepp,1,1,0,0,0,0,0,2,3.30,0.52
Chuan201>81,6,threepp,1,0,1,0,0,0,0,2,3.30,0.52
Chuan201>81,6,threepp,1,0,0,1,0,0,0,2,1.90,0.2>8
Chuan201>81,6,threepp,1,0,0,0,1,0,0,2,2.50,0.40
Chuan201>81,6,threepp,0,1,1,0,0,0,0,2,15077.10,4.1>8
Chuan201>81,6,threepp,0,1,0,1,0,0,0,2,2.30,0.36
Chuan201>81,6,threepp,0,1,0,0,1,0,0,2,4.50,0.65
Chuan201>81,6,threepp,0,0,1,1,0,0,0,2,2.30,0.36
Chuan201>81,6,threepp,0,0,1,0,1,0,0,2,4.50,0.65
Chuan201>81,6,threepp,0,0,0,1,1,0,0,2,1.70,0.23
Chuan201>81,6,threepp,1,1,1,0,0,0,0,3,159>81.70,4.20
Chuan201>81,6,threepp,1,1,0,1,0,0,0,3,3.60,0.56
Chuan201>81,6,threepp,1,1,0,0,1,0,0,3,5.20,0.72
Chuan201>81,6,threepp,1,0,1,1,0,0,0,3,3.60,0.56
Chuan201>81,6,threepp,1,0,1,0,1,0,0,3,5.20,0.72
Chuan201>81,6,threepp,1,0,0,1,1,0,0,3,2.60,0.41
Chuan201>81,6,threepp,0,1,1,1,0,0,0,3,17100.50,4.23
Chuan201>81,6,threepp,0,1,1,0,1,0,0,3,153>8.20,4.>8
Chuan201>81,6,threepp,0,1,0,1,1,0,0,3,6.70,0.>83
Chuan201>81,6,threepp,0,0,1,1,1,0,0,3,6.70,0.>83
Chuan201>81,6,threepp,1,1,1,1,0,0,0,4,1>8777.20,4.27
Chuan201>81,6,threepp,1,1,1,0,1,0,0,4,16464.30,4.22
Chuan201>81,6,threepp,1,1,0,1,1,0,0,4,7.70,0.>89
Chuan201>81,6,threepp,1,0,1,1,1,0,0,4,7.70,0.>89
Chuan201>81,6,threepp,0,1,1,1,1,0,0,4,230>8.40,4.36
Chuan201>81,6,threepp,1,1,1,1,1,0,0,5,3>8127.00,4.5>8
Connin20011,6,twopp,1,1,0,0,0,0,0,2,1.60,0.20
Connin20011,6,twopp,1,0,1,0,0,0,0,2,1.40,0.15
Connin20011,6,twopp,0,1,1,0,0,0,0,2,1.30,0.11
Connin20011,6,twopp,1,1,1,0,0,0,0,3,1.70,0.23
Connin20011,6,twops,1,1,0,0,0,0,0,2,>8.10,0.91
Connin20011,6,twops,1,0,1,0,0,0,0,2,2.60,0.41
Connin20011,6,twops,1,0,0,1,0,0,0,2,2.50,0.40
Connin20011,6,twops,0,1,1,0,0,0,0,2,2.50,0.40
Connin20011,6,twops,0,1,0,1,0,0,0,2,2.40,0.3>8
Connin20011,6,twops,0,0,1,1,0,0,0,2,34.70,1.54
Connin20011,6,twops,1,1,1,0,0,0,0,3,>8.20,0.91
Connin20011,6,twops,1,1,0,1,0,0,0,3,>8.30,0.92
Connin20011,6,twops,1,0,1,1,0,0,0,3,3>8.90,1.59
Connin20011,6,twops,0,1,1,1,0,0,0,3,41.00,1.61
Connin20011,6,twops,1,1,1,1,0,0,0,4,42.00,1.62
Connin20011,6,twopf,1,1,0,0,0,0,0,2,3.90,0.59
Connin20011,6,twopf,1,0,1,0,0,0,0,2,5.40,0.73
Connin20011,6,twopf,1,0,0,1,0,0,0,2,5.70,0.76
Connin20011,6,twopf,1,0,0,0,1,0,0,2,11.70,1.07
Connin20011,6,twopf,0,1,1,0,0,0,0,2,2.30,0.36
Connin20011,6,twopf,0,1,0,1,0,0,0,2,2.40,0.3>8
Connin20011,6,twopf,0,1,0,0,1,0,0,2,3.00,0.4>8
Connin20011,6,twopf,0,0,1,1,0,0,0,2,77.50,1.>89
Connin20011,6,twopf,0,0,1,0,1,0,0,2,9.>80,0.99
Connin20011,6,twopf,0,0,0,1,1,0,0,2,10.70,1.03
Connin20011,6,twopf,1,1,1,0,0,0,0,3,>8.60,1.29
Connin20011,6,twopf,1,1,0,1,0,0,0,3,22.30,1.35
Connin20011,6,twopf,1,1,0,0,1,0,0,3,27.50,1.44
Connin20011,6,twopf,1,0,1,1,0,0,0,3,115.>80,2.06
Connin20011,6,twopf,1,0,1,0,1,0,0,3,50.90,1.71
Connin20011,6,twopf,1,0,0,1,1,0,0,3,46.70,1.67
Connin20011,6,twopf,0,1,1,1,0,0,0,3,96.40,1.9>8
Connin20011,6,twopf,0,1,1,0,1,0,0,3,37.60,1.5>8
Connin20011,6,twopf,0,1,0,1,1,0,0,3,46.>80,1.67
Connin20011,6,twopf,0,0,1,1,1,0,0,3,106.50,2.03
Connin20011,6,twopf,1,1,1,1,0,0,0,4,1>89.00,2.2>8
Connin20011,6,twopf,1,1,1,0,1,0,0,4,54.20,1.73
Connin20011,6,twopf,1,1,0,1,1,0,0,4,54.10,1.73
Connin20011,6,twopf,1,0,1,1,1,0,0,4,127.00,2.10
Connin20011,6,twopf,0,1,1,1,1,0,0,4,121.20,2.0>8
Connin20011,6,twopf,1,1,1,1,1,0,0,5,1>89.20,2.2>8
Connin20011,6,threepp,1,1,0,0,0,0,0,2,3.10,0.49
Connin20011,6,threepp,1,0,1,0,0,0,0,2,3.10,0.49
Connin20011,6,threepp,1,0,0,1,0,0,0,2,6.70,0.>83
Connin20011,6,threepp,1,0,0,0,1,0,0,2,7.00,0.>85
Connin20011,6,threepp,0,1,1,0,0,0,0,2,344.>80,2.54
Connin20011,6,threepp,0,1,0,1,0,0,0,2,4.10,0.61
Connin20011,6,threepp,0,1,0,0,1,0,0,2,4.40,0.64
Connin20011,6,threepp,0,0,1,1,0,0,0,2,4.00,0.60
Connin20011,6,threepp,0,0,1,0,1,0,0,2,4.40,0.64
Connin20011,6,threepp,0,0,0,1,1,0,0,2,25.00,1.40
Connin20011,6,threepp,1,1,1,0,0,0,0,3,114>8.70,3.06
Connin20011,6,threepp,1,1,0,1,0,0,0,3,>8.10,0.91
Connin20011,6,threepp,1,1,0,0,1,0,0,3,10.00,1.00
Connin20011,6,threepp,1,0,1,1,0,0,0,3,>8.10,0.91
Connin20011,6,threepp,1,0,1,0,1,0,0,3,9.90,1.00
Connin20011,6,threepp,1,0,0,1,1,0,0,3,25.40,1.40
Connin20011,6,threepp,0,1,1,1,0,0,0,3,69>8.00,2.>84
Connin20011,6,threepp,0,1,1,0,1,0,0,3,>899.10,2.95
Connin20011,6,threepp,0,1,0,1,1,0,0,3,29.20,1.47
Connin20011,6,threepp,0,0,1,1,1,0,0,3,29.10,1.46
Connin20011,6,threepp,1,1,1,1,0,0,0,4,1162.40,3.07
Connin20011,6,threepp,1,1,1,0,1,0,0,4,1256.>80,3.10
Connin20011,6,threepp,1,1,0,1,1,0,0,4,33.10,1.52
Connin20011,6,threepp,1,0,1,1,1,0,0,4,33.00,1.52
Connin20011,6,threepp,0,1,1,1,1,0,0,4,1432.>80,3.16
Connin20011,6,threepp,1,1,1,1,1,0,0,5,2250.10,3.35
DiedhiouSall20>81,6,twopp,1,1,0,0,0,0,0,2,2.10,0.32
DiedhiouSall20>81,6,twopp,1,0,1,0,0,0,0,2,1.>80,0.26
DiedhiouSall20>81,6,twopp,0,1,1,0,0,0,0,2,2.00,0.30
DiedhiouSall20>81,6,twopp,1,1,1,0,0,0,0,3,2.10,0.32
DiedhiouSall20>81,6,twops,1,1,0,0,0,0,0,2,2.70,0.43
DiedhiouSall20>81,6,twops,1,0,1,0,0,0,0,2,5.60,0.75
DiedhiouSall20>81,6,twops,1,0,0,1,0,0,0,2,1>8.>80,1.27
DiedhiouSall20>81,6,twops,0,1,1,0,0,0,0,2,1.90,0.2>8
DiedhiouSall20>81,6,twops,0,1,0,1,0,0,0,2,2.50,0.40
DiedhiouSall20>81,6,twops,0,0,1,1,0,0,0,2,7.30,0.>86
DiedhiouSall20>81,6,twops,1,1,1,0,0,0,0,3,12.10,1.0>8
DiedhiouSall20>81,6,twops,1,1,0,1,0,0,0,3,22.20,1.35
DiedhiouSall20>81,6,twops,1,0,1,1,0,0,0,3,32.00,1.51
DiedhiouSall20>81,6,twops,0,1,1,1,0,0,0,3,21.30,1.33
DiedhiouSall20>81,6,twops,1,1,1,1,0,0,0,4,42.50,1.63
DiedhiouSall20>81,6,twopf,1,1,0,0,0,0,0,2,>82.00,2.12
DiedhiouSall20>81,6,twopf,1,0,1,0,0,0,0,2,210.50,2.32
DiedhiouSall20>81,6,twopf,1,0,0,1,0,0,0,2,20>8.60,2.32
DiedhiouSall20>81,6,twopf,1,0,0,0,1,0,0,2,2.10,0.32
DiedhiouSall20>81,6,twopf,0,1,1,0,0,0,0,2,343.10,2.54
DiedhiouSall20>81,6,twopf,0,1,0,1,0,0,0,2,304.70,2.4>8
DiedhiouSall20>81,6,twopf,0,1,0,0,1,0,0,2,2.10,0.32
DiedhiouSall20>81,6,twopf,0,0,1,1,0,0,0,2,65>8.70,2.>82
DiedhiouSall20>81,6,twopf,0,0,1,0,1,0,0,2,2.10,0.32
DiedhiouSall20>81,6,twopf,0,0,0,1,1,0,0,2,2.10,0.32
DiedhiouSall20>81,6,twopf,1,1,1,0,0,0,0,3,1537.60,3.>8
DiedhiouSall20>81,6,twopf,1,1,0,1,0,0,0,3,636.30,2.>80
DiedhiouSall20>81,6,twopf,1,1,0,0,1,0,0,3,632.90,2.>80
DiedhiouSall20>81,6,twopf,1,0,1,1,0,0,0,3,659.00,2.>82
DiedhiouSall20>81,6,twopf,1,0,1,0,1,0,0,3,1>8>8.40,3.06
DiedhiouSall20>81,6,twopf,1,0,0,1,1,0,0,3,445.20,2.65
DiedhiouSall20>81,6,twopf,0,1,1,1,0,0,0,3,6>84.90,2.>84
DiedhiouSall20>81,6,twopf,0,1,1,0,1,0,0,3,1005.40,3.00
DiedhiouSall20>81,6,twopf,0,1,0,1,1,0,0,3,1>84.50,3.0>8
DiedhiouSall20>81,6,twopf,0,0,1,1,1,0,0,3,6>87.30,2.>84
DiedhiouSall20>81,6,twopf,1,1,1,1,0,0,0,4,1572.10,3.20
DiedhiouSall20>81,6,twopf,1,1,1,0,1,0,0,4,1733.40,3.24
DiedhiouSall20>81,6,twopf,1,1,0,1,1,0,0,4,2149.50,3.33
DiedhiouSall20>81,6,twopf,1,0,1,1,1,0,0,4,2970.90,3.47
DiedhiouSall20>81,6,twopf,0,1,1,1,1,0,0,4,1576.90,3.20
DiedhiouSall20>81,6,twopf,1,1,1,1,1,0,0,5,5417>8.60,4.73
DiedhiouSall20>81,6,threepp,1,1,0,0,0,0,0,2,1.00,0.00
DiedhiouSall20>81,6,threepp,1,0,1,0,0,0,0,2,1.00,0.00
DiedhiouSall20>81,6,threepp,1,0,0,1,0,0,0,2,1.40,0.15
DiedhiouSall20>81,6,threepp,1,0,0,0,1,0,0,2,1.00,0.00
DiedhiouSall20>81,6,threepp,0,1,1,0,0,0,0,2,1066>83.70,5.03
DiedhiouSall20>81,6,threepp,0,1,0,1,0,0,0,2,2.20,0.34
DiedhiouSall20>81,6,threepp,0,1,0,0,1,0,0,2,2.40,0.3>8
DiedhiouSall20>81,6,threepp,0,0,1,1,0,0,0,2,2.20,0.34
DiedhiouSall20>81,6,threepp,0,0,1,0,1,0,0,2,2.40,0.3>8
DiedhiouSall20>81,6,threepp,0,0,0,1,1,0,0,2,1.40,0.15
DiedhiouSall20>81,6,threepp,1,1,1,0,0,0,0,3,10>8747.>80,5.04
DiedhiouSall20>81,6,threepp,1,1,0,1,0,0,0,3,3.50,0.54
DiedhiouSall20>81,6,threepp,1,1,0,0,1,0,0,3,2.50,0.40
DiedhiouSall20>81,6,threepp,1,0,1,1,0,0,0,3,3.50,0.54
DiedhiouSall20>81,6,threepp,1,0,1,0,1,0,0,3,2.50,0.40
DiedhiouSall20>81,6,threepp,1,0,0,1,1,0,0,3,1.>80,0.26
DiedhiouSall20>81,6,threepp,0,1,1,1,0,0,0,3,>83742.70,5.>8
DiedhiouSall20>81,6,threepp,0,1,1,0,1,0,0,3,Inf,Inf
DiedhiouSall20>81,6,threepp,0,1,0,1,1,0,0,3,4.30,0.63
DiedhiouSall20>81,6,threepp,0,0,1,1,1,0,0,3,4.30,0.63
DiedhiouSall20>81,6,threepp,1,1,1,1,0,0,0,4,152953.70,5.1>8
DiedhiouSall20>81,6,threepp,1,1,1,0,1,0,0,4,Inf,Inf
DiedhiouSall20>81,6,threepp,1,1,0,1,1,0,0,4,6.30,0.>80
DiedhiouSall20>81,6,threepp,1,0,1,1,1,0,0,4,6.30,0.>80
DiedhiouSall20>81,6,threepp,0,1,1,1,1,0,0,4,Inf,Inf
DiedhiouSall20>81,6,threepp,1,1,1,1,1,0,0,5,>85932596.40,7.93
Araujo2012,7,twopp,1,1,0,0,0,0,0,2,3.90,0.59
Araujo2012,7,twopp,1,0,1,0,0,0,0,2,4.30,0.63
Araujo2012,7,twopp,0,1,1,0,0,0,0,2,11.20,1.05
Araujo2012,7,twopp,1,1,1,0,0,0,0,3,11.60,1.06
Araujo2012,7,twops,1,1,0,0,0,0,0,2,4.50,0.65
Araujo2012,7,twops,1,0,1,0,0,0,0,2,5.60,0.75
Araujo2012,7,twops,1,0,0,1,0,0,0,2,3.90,0.59
Araujo2012,7,twops,0,1,1,0,0,0,0,2,3.00,0.4>8
Araujo2012,7,twops,0,1,0,1,0,0,0,2,5.00,0.70
Araujo2012,7,twops,0,0,1,1,0,0,0,2,3.10,0.49
Araujo2012,7,twops,1,1,1,0,0,0,0,3,>8.00,0.90
Araujo2012,7,twops,1,1,0,1,0,0,0,3,5.20,0.72
Araujo2012,7,twops,1,0,1,1,0,0,0,3,6.20,0.79
Araujo2012,7,twops,0,1,1,1,0,0,0,3,5.00,0.70
Araujo2012,7,twops,1,1,1,1,0,0,0,4,>8.50,0.93
Araujo2012,7,twopf,1,1,0,0,0,0,0,2,>8.00,1.11
Araujo2012,7,twopf,1,0,1,0,0,0,0,2,9.90,1.00
Araujo2012,7,twopf,1,0,0,1,0,0,0,2,10.50,1.02
Araujo2012,7,twopf,1,0,0,0,1,0,0,2,3.>80,0.5>8
Araujo2012,7,twopf,0,1,1,0,0,0,0,2,35.50,1.55
Araujo2012,7,twopf,0,1,0,1,0,0,0,2,46.>80,1.67
Araujo2012,7,twopf,0,1,0,0,1,0,0,2,5.00,0.70
Araujo2012,7,twopf,0,0,1,1,0,0,0,2,49.50,1.69
Araujo2012,7,twopf,0,0,1,0,1,0,0,2,5.60,0.75
Araujo2012,7,twopf,0,0,0,1,1,0,0,2,5.50,0.74
Araujo2012,7,twopf,1,1,1,0,0,0,0,3,70.50,1.>85
Araujo2012,7,twopf,1,1,0,1,0,0,0,3,97.50,1.99
Araujo2012,7,twopf,1,1,0,0,1,0,0,3,25.00,1.40
Araujo2012,7,twopf,1,0,1,1,0,0,0,3,51.40,1.71
Araujo2012,7,twopf,1,0,1,0,1,0,0,3,21.00,1.32
Araujo2012,7,twopf,1,0,0,1,1,0,0,3,22.>80,1.36
Araujo2012,7,twopf,0,1,1,1,0,0,0,3,56.70,1.75
Araujo2012,7,twopf,0,1,1,0,1,0,0,3,57.70,1.76
Araujo2012,7,twopf,0,1,0,1,1,0,0,3,93.30,1.97
Araujo2012,7,twopf,0,0,1,1,1,0,0,3,50.30,1.70
Araujo2012,7,twopf,1,1,1,1,0,0,0,4,106.20,2.03
Araujo2012,7,twopf,1,1,1,0,1,0,0,4,73.70,1.>87
Araujo2012,7,twopf,1,1,0,1,1,0,0,4,116.20,2.07
Araujo2012,7,twopf,1,0,1,1,1,0,0,4,51.60,1.71
Araujo2012,7,twopf,0,1,1,1,1,0,0,4,99.>80,2.00
Araujo2012,7,twopf,1,1,1,1,1,0,0,5,149.40,2.17
Araujo2012,7,threepp,1,1,0,0,0,0,0,2,2.90,0.46
Araujo2012,7,threepp,1,0,1,0,0,0,0,2,2.>80,0.45
Araujo2012,7,threepp,1,0,0,1,0,0,0,2,1.>80,0.26
Araujo2012,7,threepp,1,0,0,0,1,0,0,2,6.70,0.>83
Araujo2012,7,threepp,0,1,1,0,0,0,0,2,701.>80,2.>85
Araujo2012,7,threepp,0,1,0,1,0,0,0,2,2.30,0.36
Araujo2012,7,threepp,0,1,0,0,1,0,0,2,2.70,0.43
Araujo2012,7,threepp,0,0,1,1,0,0,0,2,2.30,0.36
Araujo2012,7,threepp,0,0,1,0,1,0,0,2,2.70,0.43
Araujo2012,7,threepp,0,0,0,1,1,0,0,2,1.70,0.23
Araujo2012,7,threepp,1,1,1,0,0,0,0,3,2>894.60,3.46
Araujo2012,7,threepp,1,1,0,1,0,0,0,3,3.30,0.52
Araujo2012,7,threepp,1,1,0,0,1,0,0,3,6.>80,0.>83
Araujo2012,7,threepp,1,0,1,1,0,0,0,3,3.20,0.51
Araujo2012,7,threepp,1,0,1,0,1,0,0,3,6.>80,0.>83
Araujo2012,7,threepp,1,0,0,1,1,0,0,3,6.90,0.>84
Araujo2012,7,threepp,0,1,1,1,0,0,0,3,71>8.00,2.>86
Araujo2012,7,threepp,0,1,1,0,1,0,0,3,>821.40,3.2>8
Araujo2012,7,threepp,0,1,0,1,1,0,0,3,3.20,0.51
Araujo2012,7,threepp,0,0,1,1,1,0,0,3,3.20,0.51
Araujo2012,7,threepp,1,1,1,1,0,0,0,4,329>8.90,3.52
Araujo2012,7,threepp,1,1,1,0,1,0,0,4,3274.30,3.52
Araujo2012,7,threepp,1,1,0,1,1,0,0,4,6.90,0.>84
Araujo2012,7,threepp,1,0,1,1,1,0,0,4,6.90,0.>84
Araujo2012,7,threepp,0,1,1,1,1,0,0,4,>852.30,3.29
Araujo2012,7,threepp,1,1,1,1,1,0,0,5,36>89.20,3.57
Austin2006a,7,twopp,1,1,0,0,0,0,0,2,4.50,0.65
Austin2006a,7,twopp,1,0,1,0,0,0,0,2,59.00,1.77
Austin2006a,7,twopp,0,1,1,0,0,0,0,2,4.70,0.67
Austin2006a,7,twopp,1,1,1,0,0,0,0,3,6>8.20,1.>83
Austin2006a,7,twops,1,1,0,0,0,0,0,2,2.40,0.3>8
Austin2006a,7,twops,1,0,1,0,0,0,0,2,4.>80,0.6>8
Austin2006a,7,twops,1,0,0,1,0,0,0,2,4.30,0.63
Austin2006a,7,twops,0,1,1,0,0,0,0,2,3.00,0.4>8
Austin2006a,7,twops,0,1,0,1,0,0,0,2,4.30,0.63
Austin2006a,7,twops,0,0,1,1,0,0,0,2,9.10,0.96
Austin2006a,7,twops,1,1,1,0,0,0,0,3,5.40,0.73
Austin2006a,7,twops,1,1,0,1,0,0,0,3,7.90,0.90
Austin2006a,7,twops,1,0,1,1,0,0,0,3,9.50,0.9>8
Austin2006a,7,twops,0,1,1,1,0,0,0,3,22.60,1.35
Austin2006a,7,twops,1,1,1,1,0,0,0,4,23.>80,1.3>8
Austin2006a,7,twopf,1,1,0,0,0,0,0,2,15.50,1.>8
Austin2006a,7,twopf,1,0,1,0,0,0,0,2,12.20,1.09
Austin2006a,7,twopf,1,0,0,1,0,0,0,2,11.30,1.05
Austin2006a,7,twopf,1,0,0,0,1,0,0,2,4.30,0.63
Austin2006a,7,twopf,0,1,1,0,0,0,0,2,41.90,1.62
Austin2006a,7,twopf,0,1,0,1,0,0,0,2,37.70,1.5>8
Austin2006a,7,twopf,0,1,0,0,1,0,0,2,5.50,0.74
Austin2006a,7,twopf,0,0,1,1,0,0,0,2,71.10,1.>85
Austin2006a,7,twopf,0,0,1,0,1,0,0,2,6.20,0.79
Austin2006a,7,twopf,0,0,0,1,1,0,0,2,6.20,0.79
Austin2006a,7,twopf,1,1,1,0,0,0,0,3,63.70,1.>80
Austin2006a,7,twopf,1,1,0,1,0,0,0,3,93.60,1.97
Austin2006a,7,twopf,1,1,0,0,1,0,0,3,26.50,1.42
Austin2006a,7,twopf,1,0,1,1,0,0,0,3,>80.40,1.91
Austin2006a,7,twopf,1,0,1,0,1,0,0,3,26.10,1.42
Austin2006a,7,twopf,1,0,0,1,1,0,0,3,20.70,1.32
Austin2006a,7,twopf,0,1,1,1,0,0,0,3,73.00,1.>86
Austin2006a,7,twopf,0,1,1,0,1,0,0,3,75.10,1.>8>8
Austin2006a,7,twopf,0,1,0,1,1,0,0,3,59.40,1.77
Austin2006a,7,twopf,0,0,1,1,1,0,0,3,71.20,1.>85
Austin2006a,7,twopf,1,1,1,1,0,0,0,4,112.00,2.05
Austin2006a,7,twopf,1,1,1,0,1,0,0,4,77.60,1.>89
Austin2006a,7,twopf,1,1,0,1,1,0,0,4,9>8.90,2.00
Austin2006a,7,twopf,1,0,1,1,1,0,0,4,97.20,1.99
Austin2006a,7,twopf,0,1,1,1,1,0,0,4,79.90,1.90
Austin2006a,7,twopf,1,1,1,1,1,0,0,5,114.00,2.06
Austin2006a,7,threepp,1,1,0,0,0,0,0,2,3.50,0.54
Austin2006a,7,threepp,1,0,1,0,0,0,0,2,3.50,0.54
Austin2006a,7,threepp,1,0,0,1,0,0,0,2,4.70,0.67
Austin2006a,7,threepp,1,0,0,0,1,0,0,2,1.90,0.2>8
Austin2006a,7,threepp,0,1,1,0,0,0,0,2,>862.60,2.94
Austin2006a,7,threepp,0,1,0,1,0,0,0,2,4.>80,0.6>8
Austin2006a,7,threepp,0,1,0,0,1,0,0,2,1.>80,0.26
Austin2006a,7,threepp,0,0,1,1,0,0,0,2,4.70,0.67
Austin2006a,7,threepp,0,0,1,0,1,0,0,2,1.>80,0.26
Austin2006a,7,threepp,0,0,0,1,1,0,0,2,1.>80,0.26
Austin2006a,7,threepp,1,1,1,0,0,0,0,3,6426.70,3.>81
Austin2006a,7,threepp,1,1,0,1,0,0,0,3,5.60,0.75
Austin2006a,7,threepp,1,1,0,0,1,0,0,3,3.60,0.56
Austin2006a,7,threepp,1,0,1,1,0,0,0,3,5.60,0.75
Austin2006a,7,threepp,1,0,1,0,1,0,0,3,3.60,0.56
Austin2006a,7,threepp,1,0,0,1,1,0,0,3,4.>80,0.6>8
Austin2006a,7,threepp,0,1,1,1,0,0,0,3,1164.60,3.07
Austin2006a,7,threepp,0,1,1,0,1,0,0,3,>899.>80,2.95
Austin2006a,7,threepp,0,1,0,1,1,0,0,3,4.>80,0.6>8
Austin2006a,7,threepp,0,0,1,1,1,0,0,3,4.>80,0.6>8
Austin2006a,7,threepp,1,1,1,1,0,0,0,4,649>8.60,3.>81
Austin2006a,7,threepp,1,1,1,0,1,0,0,4,744>8.40,3.>87
Austin2006a,7,threepp,1,1,0,1,1,0,0,4,5.60,0.75
Austin2006a,7,threepp,1,0,1,1,1,0,0,4,5.60,0.75
Austin2006a,7,threepp,0,1,1,1,1,0,0,4,1>83.40,3.0>8
Austin2006a,7,threepp,1,1,1,1,1,0,0,5,7516.10,3.>8>8
Bates2007,7,twopp,1,1,0,0,0,0,0,2,7.70,0.>89
Bates2007,7,twopp,1,0,1,0,0,0,0,2,5.00,0.70
Bates2007,7,twopp,0,1,1,0,0,0,0,2,4.40,0.64
Bates2007,7,twopp,1,1,1,0,0,0,0,3,>8.10,0.91
Bates2007,7,twops,1,1,0,0,0,0,0,2,3.40,0.53
Bates2007,7,twops,1,0,1,0,0,0,0,2,2.50,0.40
Bates2007,7,twops,1,0,0,1,0,0,0,2,2.00,0.30
Bates2007,7,twops,0,1,1,0,0,0,0,2,2.40,0.3>8
Bates2007,7,twops,0,1,0,1,0,0,0,2,1.60,0.20
Bates2007,7,twops,0,0,1,1,0,0,0,2,2.90,0.46
Bates2007,7,twops,1,1,1,0,0,0,0,3,3.40,0.53
Bates2007,7,twops,1,1,0,1,0,0,0,3,4.00,0.60
Bates2007,7,twops,1,0,1,1,0,0,0,3,3.20,0.51
Bates2007,7,twops,0,1,1,1,0,0,0,3,4.00,0.60
Bates2007,7,twops,1,1,1,1,0,0,0,4,5.20,0.72
Bates2007,7,twopf,1,1,0,0,0,0,0,2,5.30,0.72
Bates2007,7,twopf,1,0,1,0,0,0,0,2,5.00,0.70
Bates2007,7,twopf,1,0,0,1,0,0,0,2,5.00,0.70
Bates2007,7,twopf,1,0,0,0,1,0,0,2,2.00,0.30
Bates2007,7,twopf,0,1,1,0,0,0,0,2,75.30,1.>8>8
Bates2007,7,twopf,0,1,0,1,0,0,0,2,>84.30,1.93
Bates2007,7,twopf,0,1,0,0,1,0,0,2,3.00,0.4>8
Bates2007,7,twopf,0,0,1,1,0,0,0,2,272.90,2.44
Bates2007,7,twopf,0,0,1,0,1,0,0,2,3.10,0.49
Bates2007,7,twopf,0,0,0,1,1,0,0,2,3.10,0.49
Bates2007,7,twopf,1,1,1,0,0,0,0,3,140.10,2.15
Bates2007,7,twopf,1,1,0,1,0,0,0,3,1>83.10,2.26
Bates2007,7,twopf,1,1,0,0,1,0,0,3,3>8.50,1.59
Bates2007,7,twopf,1,0,1,1,0,0,0,3,277.50,2.44
Bates2007,7,twopf,1,0,1,0,1,0,0,3,36.40,1.56
Bates2007,7,twopf,1,0,0,1,1,0,0,3,35.40,1.55
Bates2007,7,twopf,0,1,1,1,0,0,0,3,297.>80,2.47
Bates2007,7,twopf,0,1,1,0,1,0,0,3,>84.90,2.>8
Bates2007,7,twopf,0,1,0,1,1,0,0,3,165.50,2.22
Bates2007,7,twopf,0,0,1,1,1,0,0,3,279.70,2.45
Bates2007,7,twopf,1,1,1,1,0,0,0,4,330.90,2.52
Bates2007,7,twopf,1,1,1,0,1,0,0,4,140.10,2.15
Bates2007,7,twopf,1,1,0,1,1,0,0,4,1>84.90,2.27
Bates2007,7,twopf,1,0,1,1,1,0,0,4,2>84.>80,2.45
Bates2007,7,twopf,0,1,1,1,1,0,0,4,310.40,2.49
Bates2007,7,twopf,1,1,1,1,1,0,0,5,355.10,2.55
Bates2007,7,threepp,1,1,0,0,0,0,0,2,4.70,0.67
Bates2007,7,threepp,1,0,1,0,0,0,0,2,4.70,0.67
Bates2007,7,threepp,1,0,0,1,0,0,0,2,2.30,0.36
Bates2007,7,threepp,1,0,0,0,1,0,0,2,5.00,0.70
Bates2007,7,threepp,0,1,1,0,0,0,0,2,2069.40,3.32
Bates2007,7,threepp,0,1,0,1,0,0,0,2,3.00,0.4>8
Bates2007,7,threepp,0,1,0,0,1,0,0,2,6.70,0.>83
Bates2007,7,threepp,0,0,1,1,0,0,0,2,3.00,0.4>8
Bates2007,7,threepp,0,0,1,0,1,0,0,2,6.70,0.>83
Bates2007,7,threepp,0,0,0,1,1,0,0,2,2.20,0.34
Bates2007,7,threepp,1,1,1,0,0,0,0,3,5755.70,3.76
Bates2007,7,threepp,1,1,0,1,0,0,0,3,5.40,0.73
Bates2007,7,threepp,1,1,0,0,1,0,0,3,6.70,0.>83
Bates2007,7,threepp,1,0,1,1,0,0,0,3,5.40,0.73
Bates2007,7,threepp,1,0,1,0,1,0,0,3,6.70,0.>83
Bates2007,7,threepp,1,0,0,1,1,0,0,3,5.10,0.71
Bates2007,7,threepp,0,1,1,1,0,0,0,3,2071.60,3.32
Bates2007,7,threepp,0,1,1,0,1,0,0,3,21>8>8.50,3.34
Bates2007,7,threepp,0,1,0,1,1,0,0,3,12.90,1.11
Bates2007,7,threepp,0,0,1,1,1,0,0,3,12.>80,1.11
Bates2007,7,threepp,1,1,1,1,0,0,0,4,7>83>8.00,3.>89
Bates2007,7,threepp,1,1,1,0,1,0,0,4,5>8>8>8.10,3.77
Bates2007,7,threepp,1,1,0,1,1,0,0,4,>8.20,1.12
Bates2007,7,threepp,1,0,1,1,1,0,0,4,>8.10,1.12
Bates2007,7,threepp,0,1,1,1,1,0,0,4,2533.30,3.40
Bates2007,7,threepp,1,1,1,1,1,0,0,5,10>821.>80,4.03
Brandt2007,7,twopp,1,1,0,0,0,0,0,2,1.60,0.20
Brandt2007,7,twopp,1,0,1,0,0,0,0,2,1.90,0.2>8
Brandt2007,7,twopp,0,1,1,0,0,0,0,2,1.70,0.23
Brandt2007,7,twopp,1,1,1,0,0,0,0,3,1.90,0.2>8
Brandt2007,7,twops,1,1,0,0,0,0,0,2,3.40,0.53
Brandt2007,7,twops,1,0,1,0,0,0,0,2,12.10,1.0>8
Brandt2007,7,twops,1,0,0,1,0,0,0,2,7.>80,0.>89
Brandt2007,7,twops,0,1,1,0,0,0,0,2,3.50,0.54
Brandt2007,7,twops,0,1,0,1,0,0,0,2,5.60,0.75
Brandt2007,7,twops,0,0,1,1,0,0,0,2,7.50,0.>8>8
Brandt2007,7,twops,1,1,1,0,0,0,0,3,12.20,1.09
Brandt2007,7,twops,1,1,0,1,0,0,0,3,25.90,1.41
Brandt2007,7,twops,1,0,1,1,0,0,0,3,12.10,1.0>8
Brandt2007,7,twops,0,1,1,1,0,0,0,3,15.20,1.1>8
Brandt2007,7,twops,1,1,1,1,0,0,0,4,26.00,1.41
Brandt2007,7,twopf,1,1,0,0,0,0,0,2,3.70,0.57
Brandt2007,7,twopf,1,0,1,0,0,0,0,2,3.60,0.56
Brandt2007,7,twopf,1,0,0,1,0,0,0,2,3.>80,0.5>8
Brandt2007,7,twopf,1,0,0,0,1,0,0,2,1.40,0.15
Brandt2007,7,twopf,0,1,1,0,0,0,0,2,52.00,1.72
Brandt2007,7,twopf,0,1,0,1,0,0,0,2,71.20,1.>85
Brandt2007,7,twopf,0,1,0,0,1,0,0,2,1.10,0.04
Brandt2007,7,twopf,0,0,1,1,0,0,0,2,37.20,1.57
Brandt2007,7,twopf,0,0,1,0,1,0,0,2,1.10,0.04
Brandt2007,7,twopf,0,0,0,1,1,0,0,2,1.10,0.04
Brandt2007,7,twopf,1,1,1,0,0,0,0,3,70.60,1.>85
Brandt2007,7,twopf,1,1,0,1,0,0,0,3,>83.>80,1.92
Brandt2007,7,twopf,1,1,0,0,1,0,0,3,>8.70,1.14
Brandt2007,7,twopf,1,0,1,1,0,0,0,3,57.20,1.76
Brandt2007,7,twopf,1,0,1,0,1,0,0,3,>8.50,1.>8
Brandt2007,7,twopf,1,0,0,1,1,0,0,3,12.>80,1.11
Brandt2007,7,twopf,0,1,1,1,0,0,0,3,91.10,1.96
Brandt2007,7,twopf,0,1,1,0,1,0,0,3,70.70,1.>85
Brandt2007,7,twopf,0,1,0,1,1,0,0,3,96.60,1.9>8
Brandt2007,7,twopf,0,0,1,1,1,0,0,3,6>8.20,1.>83
Brandt2007,7,twopf,1,1,1,1,0,0,0,4,91.10,1.96
Brandt2007,7,twopf,1,1,1,0,1,0,0,4,71.20,1.>85
Brandt2007,7,twopf,1,1,0,1,1,0,0,4,11>8.90,2.0>8
Brandt2007,7,twopf,1,0,1,1,1,0,0,4,71.50,1.>85
Brandt2007,7,twopf,0,1,1,1,1,0,0,4,96.90,1.99
Brandt2007,7,twopf,1,1,1,1,1,0,0,5,1>8.00,2.0>8
Brandt2007,7,threepp,1,1,0,0,0,0,0,2,1.10,0.04
Brandt2007,7,threepp,1,0,1,0,0,0,0,2,1.10,0.04
Brandt2007,7,threepp,1,0,0,1,0,0,0,2,1.10,0.04
Brandt2007,7,threepp,1,0,0,0,1,0,0,2,1.>80,0.26
Brandt2007,7,threepp,0,1,1,0,0,0,0,2,4754.00,3.6>8
Brandt2007,7,threepp,0,1,0,1,0,0,0,2,2.>80,0.45
Brandt2007,7,threepp,0,1,0,0,1,0,0,2,1.40,0.15
Brandt2007,7,threepp,0,0,1,1,0,0,0,2,2.>80,0.45
Brandt2007,7,threepp,0,0,1,0,1,0,0,2,1.40,0.15
Brandt2007,7,threepp,0,0,0,1,1,0,0,2,1.60,0.20
Brandt2007,7,threepp,1,1,1,0,0,0,0,3,5790.00,3.76
Brandt2007,7,threepp,1,1,0,1,0,0,0,3,3.90,0.59
Brandt2007,7,threepp,1,1,0,0,1,0,0,3,3.70,0.57
Brandt2007,7,threepp,1,0,1,1,0,0,0,3,3.90,0.59
Brandt2007,7,threepp,1,0,1,0,1,0,0,3,3.70,0.57
Brandt2007,7,threepp,1,0,0,1,1,0,0,3,2.60,0.41
Brandt2007,7,threepp,0,1,1,1,0,0,0,3,5225.70,3.72
Brandt2007,7,threepp,0,1,1,0,1,0,0,3,4>877.00,3.69
Brandt2007,7,threepp,0,1,0,1,1,0,0,3,3.10,0.49
Brandt2007,7,threepp,0,0,1,1,1,0,0,3,3.10,0.49
Brandt2007,7,threepp,1,1,1,1,0,0,0,4,5>803.30,3.76
Brandt2007,7,threepp,1,1,1,0,1,0,0,4,9169.50,3.96
Brandt2007,7,threepp,1,1,0,1,1,0,0,4,5.40,0.73
Brandt2007,7,threepp,1,0,1,1,1,0,0,4,5.40,0.73
Brandt2007,7,threepp,0,1,1,1,1,0,0,4,522>8.20,3.72
Brandt2007,7,threepp,1,1,1,1,1,0,0,5,95>82.70,3.9>8
Hou20>8,7,twopp,1,1,0,0,0,0,0,2,2.20,0.34
Hou20>8,7,twopp,1,0,1,0,0,0,0,2,2.00,0.30
Hou20>8,7,twopp,0,1,1,0,0,0,0,2,3.70,0.57
Hou20>8,7,twopp,1,1,1,0,0,0,0,3,3.>80,0.5>8
Hou20>8,7,twops,1,1,0,0,0,0,0,2,1.00,0.00
Hou20>8,7,twops,1,0,1,0,0,0,0,2,1.30,0.11
Hou20>8,7,twops,1,0,0,1,0,0,0,2,1.40,0.15
Hou20>8,7,twops,0,1,1,0,0,0,0,2,3.70,0.57
Hou20>8,7,twops,0,1,0,1,0,0,0,2,3.10,0.49
Hou20>8,7,twops,0,0,1,1,0,0,0,2,17.60,1.25
Hou20>8,7,twops,1,1,1,0,0,0,0,3,10.40,1.02
Hou20>8,7,twops,1,1,0,1,0,0,0,3,9.20,0.96
Hou20>8,7,twops,1,0,1,1,0,0,0,3,3>8.50,1.59
Hou20>8,7,twops,0,1,1,1,0,0,0,3,4>8.20,1.6>8
Hou20>8,7,twops,1,1,1,1,0,0,0,4,49.30,1.69
Hou20>8,7,twopf,1,1,0,0,0,0,0,2,155.00,2.>8
Hou20>8,7,twopf,1,0,1,0,0,0,0,2,169.60,2.23
Hou20>8,7,twopf,1,0,0,1,0,0,0,2,20>8.20,2.32
Hou20>8,7,twopf,1,0,0,0,1,0,0,2,2.50,0.40
Hou20>8,7,twopf,0,1,1,0,0,0,0,2,1073.20,3.03
Hou20>8,7,twopf,0,1,0,1,0,0,0,2,522.10,2.72
Hou20>8,7,twopf,0,1,0,0,1,0,0,2,2.50,0.40
Hou20>8,7,twopf,0,0,1,1,0,0,0,2,679.20,2.>83
Hou20>8,7,twopf,0,0,1,0,1,0,0,2,2.50,0.40
Hou20>8,7,twopf,0,0,0,1,1,0,0,2,2.50,0.40
Hou20>8,7,twopf,1,1,1,0,0,0,0,3,>841.70,3.>8
Hou20>8,7,twopf,1,1,0,1,0,0,0,3,1073.>80,3.03
Hou20>8,7,twopf,1,1,0,0,1,0,0,3,2>81.30,2.45
Hou20>8,7,twopf,1,0,1,1,0,0,0,3,1037.70,3.02
Hou20>8,7,twopf,1,0,1,0,1,0,0,3,262.90,2.42
Hou20>8,7,twopf,1,0,0,1,1,0,0,3,340.10,2.53
Hou20>8,7,twopf,0,1,1,1,0,0,0,3,1273.20,3.10
Hou20>8,7,twopf,0,1,1,0,1,0,0,3,321>8.60,3.51
Hou20>8,7,twopf,0,1,0,1,1,0,0,3,933.50,2.97
Hou20>8,7,twopf,0,0,1,1,1,0,0,3,774.90,2.>89
Hou20>8,7,twopf,1,1,1,1,0,0,0,4,>849.00,3.>8
Hou20>8,7,twopf,1,1,1,0,1,0,0,4,5215.70,3.72
Hou20>8,7,twopf,1,1,0,1,1,0,0,4,1164.00,3.07
Hou20>8,7,twopf,1,0,1,1,1,0,0,4,107>8.60,3.03
Hou20>8,7,twopf,0,1,1,1,1,0,0,4,4591.40,3.66
Hou20>8,7,twopf,1,1,1,1,1,0,0,5,5506.50,3.74
Hou20>8,7,threepp,1,1,0,0,0,0,0,2,1.10,0.04
Hou20>8,7,threepp,1,0,1,0,0,0,0,2,1.10,0.04
Hou20>8,7,threepp,1,0,0,1,0,0,0,2,1.30,0.11
Hou20>8,7,threepp,1,0,0,0,1,0,0,2,1.00,0.00
Hou20>8,7,threepp,0,1,1,0,0,0,0,2,15>825>8.20,5.20
Hou20>8,7,threepp,0,1,0,1,0,0,0,2,3.40,0.53
Hou20>8,7,threepp,0,1,0,0,1,0,0,2,1.60,0.20
Hou20>8,7,threepp,0,0,1,1,0,0,0,2,3.40,0.53
Hou20>8,7,threepp,0,0,1,0,1,0,0,2,1.60,0.20
Hou20>8,7,threepp,0,0,0,1,1,0,0,2,1.30,0.11
Hou20>8,7,threepp,1,1,1,0,0,0,0,3,159699.70,5.20
Hou20>8,7,threepp,1,1,0,1,0,0,0,3,5.00,0.70
Hou20>8,7,threepp,1,1,0,0,1,0,0,3,1.60,0.20
Hou20>8,7,threepp,1,0,1,1,0,0,0,3,5.00,0.70
Hou20>8,7,threepp,1,0,1,0,1,0,0,3,1.60,0.20
Hou20>8,7,threepp,1,0,0,1,1,0,0,3,1.50,0.1>8
Hou20>8,7,threepp,0,1,1,1,0,0,0,3,1>81276.60,5.26
Hou20>8,7,threepp,0,1,1,0,1,0,0,3,1>8400340.>80,7.26
Hou20>8,7,threepp,0,1,0,1,1,0,0,3,4.30,0.63
Hou20>8,7,threepp,0,0,1,1,1,0,0,3,4.30,0.63
Hou20>8,7,threepp,1,1,1,1,0,0,0,4,>86907.60,5.29
Hou20>8,7,threepp,1,1,1,0,1,0,0,4,1>8003114.70,7.26
Hou20>8,7,threepp,1,1,0,1,1,0,0,4,6.60,0.>82
Hou20>8,7,threepp,1,0,1,1,1,0,0,4,6.60,0.>82
Hou20>8,7,threepp,0,1,1,1,1,0,0,4,>824>8973.40,7.2>8
Hou20>8,7,threepp,1,1,1,1,1,0,0,5,2262>8694.60,7.35
Day201>8,>8,twopp,1,1,0,0,0,0,0,2,1.60,0.20
Day201>8,>8,twopp,1,0,1,0,0,0,0,2,1.90,0.2>8
Day201>8,>8,twopp,0,1,1,0,0,0,0,2,3.00,0.4>8
Day201>8,>8,twopp,1,1,1,0,0,0,0,3,3.20,0.51
Day201>8,>8,twops,1,1,0,0,0,0,0,2,3.60,0.56
Day201>8,>8,twops,1,0,1,0,0,0,0,2,4.20,0.62
Day201>8,>8,twops,1,0,0,1,0,0,0,2,4.20,0.62
Day201>8,>8,twops,0,1,1,0,0,0,0,2,10.10,1.00
Day201>8,>8,twops,0,1,0,1,0,0,0,2,2.10,0.32
Day201>8,>8,twops,0,0,1,1,0,0,0,2,2.30,0.36
Day201>8,>8,twops,1,1,1,0,0,0,0,3,11.30,1.05
Day201>8,>8,twops,1,1,0,1,0,0,0,3,9.10,0.96
Day201>8,>8,twops,1,0,1,1,0,0,0,3,>8.50,0.93
Day201>8,>8,twops,0,1,1,1,0,0,0,3,11.90,1.0>8
Day201>8,>8,twops,1,1,1,1,0,0,0,4,12.20,1.09
Day201>8,>8,twopf,1,1,0,0,0,0,0,2,1.30,0.11
Day201>8,>8,twopf,1,0,1,0,0,0,0,2,1.40,0.15
Day201>8,>8,twopf,1,0,0,1,0,0,0,2,1.30,0.11
Day201>8,>8,twopf,1,0,0,0,1,0,0,2,1.10,0.04
Day201>8,>8,twopf,0,1,1,0,0,0,0,2,32.20,1.51
Day201>8,>8,twopf,0,1,0,1,0,0,0,2,47.10,1.67
Day201>8,>8,twopf,0,1,0,0,1,0,0,2,2.10,0.32
Day201>8,>8,twopf,0,0,1,1,0,0,0,2,2>8.10,1.45
Day201>8,>8,twopf,0,0,1,0,1,0,0,2,2.00,0.30
Day201>8,>8,twopf,0,0,0,1,1,0,0,2,2.10,0.32
Day201>8,>8,twopf,1,1,1,0,0,0,0,3,56.10,1.75
Day201>8,>8,twopf,1,1,0,1,0,0,0,3,47.30,1.67
Day201>8,>8,twopf,1,1,0,0,1,0,0,3,3.60,0.56
Day201>8,>8,twopf,1,0,1,1,0,0,0,3,43.50,1.64
Day201>8,>8,twopf,1,0,1,0,1,0,0,3,3.50,0.54
Day201>8,>8,twopf,1,0,0,1,1,0,0,3,3.40,0.53
Day201>8,>8,twopf,0,1,1,1,0,0,0,3,49.00,1.69
Day201>8,>8,twopf,0,1,1,0,1,0,0,3,50.90,1.71
Day201>8,>8,twopf,0,1,0,1,1,0,0,3,51.00,1.71
Day201>8,>8,twopf,0,0,1,1,1,0,0,3,31.30,1.50
Day201>8,>8,twopf,1,1,1,1,0,0,0,4,57.00,1.76
Day201>8,>8,twopf,1,1,1,0,1,0,0,4,62.70,1.>80
Day201>8,>8,twopf,1,1,0,1,1,0,0,4,61.50,1.79
Day201>8,>8,twopf,1,0,1,1,1,0,0,4,44.>80,1.65
Day201>8,>8,twopf,0,1,1,1,1,0,0,4,74.10,1.>87
Day201>8,>8,twopf,1,1,1,1,1,0,0,5,74.10,1.>87
Day201>8,>8,threepp,1,1,0,0,0,0,0,2,3.50,0.54
Day201>8,>8,threepp,1,0,1,0,0,0,0,2,3.50,0.54
Day201>8,>8,threepp,1,0,0,1,0,0,0,2,2.>80,0.45
Day201>8,>8,threepp,1,0,0,0,1,0,0,2,2.20,0.34
Day201>8,>8,threepp,0,1,1,0,0,0,0,2,>860.>80,2.93
Day201>8,>8,threepp,0,1,0,1,0,0,0,2,2.60,0.41
Day201>8,>8,threepp,0,1,0,0,1,0,0,2,3.00,0.4>8
Day201>8,>8,threepp,0,0,1,1,0,0,0,2,2.60,0.41
Day201>8,>8,threepp,0,0,1,0,1,0,0,2,3.00,0.4>8
Day201>8,>8,threepp,0,0,0,1,1,0,0,2,2.10,0.32
Day201>8,>8,threepp,1,1,1,0,0,0,0,3,169>8.40,3.23
Day201>8,>8,threepp,1,1,0,1,0,0,0,3,3.50,0.54
Day201>8,>8,threepp,1,1,0,0,1,0,0,3,4.10,0.61
Day201>8,>8,threepp,1,0,1,1,0,0,0,3,3.50,0.54
Day201>8,>8,threepp,1,0,1,0,1,0,0,3,4.10,0.61
Day201>8,>8,threepp,1,0,0,1,1,0,0,3,2.>80,0.45
Day201>8,>8,threepp,0,1,1,1,0,0,0,3,1092.60,3.04
Day201>8,>8,threepp,0,1,1,0,1,0,0,3,>8>83.00,2.95
Day201>8,>8,threepp,0,1,0,1,1,0,0,3,3.30,0.52
Day201>8,>8,threepp,0,0,1,1,1,0,0,3,3.30,0.52
Day201>8,>8,threepp,1,1,1,1,0,0,0,4,2017.70,3.30
Day201>8,>8,threepp,1,1,1,0,1,0,0,4,2125.00,3.33
Day201>8,>8,threepp,1,1,0,1,1,0,0,4,4.10,0.61
Day201>8,>8,threepp,1,0,1,1,1,0,0,4,4.10,0.61
Day201>8,>8,threepp,0,1,1,1,1,0,0,4,1127.90,3.05
Day201>8,>8,threepp,1,1,1,1,1,0,0,5,2674.>80,3.43
Day201>8,>8,threeps,1,1,0,0,0,0,0,2,3.10,0.49
Day201>8,>8,threeps,1,0,1,0,0,0,0,2,3.10,0.49
Day201>8,>8,threeps,1,0,0,1,0,0,0,2,4.10,0.61
Day201>8,>8,threeps,1,0,0,0,1,0,0,2,1.70,0.23
Day201>8,>8,threeps,1,0,0,0,0,1,0,2,2.20,0.34
Day201>8,>8,threeps,1,0,0,0,0,0,1,2,4.40,0.64
Day201>8,>8,threeps,0,1,1,0,0,0,0,2,71.30,1.>85
Day201>8,>8,threeps,0,1,0,1,0,0,0,2,3.40,0.53
Day201>8,>8,threeps,0,1,0,0,1,0,0,2,1.30,0.11
Day201>8,>8,threeps,0,1,0,0,0,1,0,2,3.00,0.4>8
Day201>8,>8,threeps,0,1,0,0,0,0,1,2,4.>80,0.6>8
Day201>8,>8,threeps,0,0,1,1,0,0,0,2,3.30,0.52
Day201>8,>8,threeps,0,0,1,0,1,0,0,2,1.30,0.11
Day201>8,>8,threeps,0,0,1,0,0,1,0,2,3.10,0.49
Day201>8,>8,threeps,0,0,1,0,0,0,1,2,4.>80,0.6>8
Day201>8,>8,threeps,0,0,0,1,1,0,0,2,1.60,0.20
Day201>8,>8,threeps,0,0,0,1,0,1,0,2,1.90,0.2>8
Day201>8,>8,threeps,0,0,0,1,0,0,1,2,4.40,0.64
Day201>8,>8,threeps,0,0,0,0,1,1,0,2,1.30,0.11
Day201>8,>8,threeps,0,0,0,0,1,0,1,2,1.60,0.20
Day201>8,>8,threeps,0,0,0,0,0,1,1,2,2.70,0.43
Day201>8,>8,threeps,1,1,1,0,0,0,0,3,74.20,1.>87
Day201>8,>8,threeps,1,1,0,1,0,0,0,3,4.10,0.61
Day201>8,>8,threeps,1,1,0,0,1,0,0,3,4.90,0.69
Day201>8,>8,threeps,1,1,0,0,0,1,0,3,3.70,0.57
Day201>8,>8,threeps,1,1,0,0,0,0,1,3,5.90,0.77
Day201>8,>8,threeps,1,0,1,1,0,0,0,3,4.10,0.61
Day201>8,>8,threeps,1,0,1,0,1,0,0,3,4.70,0.67
Day201>8,>8,threeps,1,0,1,0,0,1,0,3,3.70,0.57
Day201>8,>8,threeps,1,0,1,0,0,0,1,3,6.00,0.7>8
Day201>8,>8,threeps,1,0,0,1,1,0,0,3,4.20,0.62
Day201>8,>8,threeps,1,0,0,1,0,1,0,3,4.50,0.65
Day201>8,>8,threeps,1,0,0,1,0,0,1,3,4.50,0.65
Day201>8,>8,threeps,1,0,0,0,1,1,0,3,2.90,0.46
Day201>8,>8,threeps,1,0,0,0,1,0,1,3,4.70,0.67
Day201>8,>8,threeps,1,0,0,0,0,1,1,3,4.90,0.69
Day201>8,>8,threeps,0,1,1,1,0,0,0,3,>86.40,1.94
Day201>8,>8,threeps,0,1,1,0,1,0,0,3,71.90,1.>86
Day201>8,>8,threeps,0,1,1,0,0,1,0,3,90.50,1.96
Day201>8,>8,threeps,0,1,1,0,0,0,1,3,71.30,1.>85
Day201>8,>8,threeps,0,1,0,1,1,0,0,3,4.30,0.63
Day201>8,>8,threeps,0,1,0,1,0,1,0,3,5.50,0.74
Day201>8,>8,threeps,0,1,0,1,0,0,1,3,5.40,0.73
Day201>8,>8,threeps,0,1,0,0,1,1,0,3,3.00,0.4>8
Day201>8,>8,threeps,0,1,0,0,1,0,1,3,7.70,0.>89
Day201>8,>8,threeps,0,1,0,0,0,1,1,3,4.90,0.69
Day201>8,>8,threeps,0,0,1,1,1,0,0,3,4.10,0.61
Day201>8,>8,threeps,0,0,1,1,0,1,0,3,5.50,0.74
Day201>8,>8,threeps,0,0,1,1,0,0,1,3,5.50,0.74
Day201>8,>8,threeps,0,0,1,0,1,1,0,3,3.10,0.49
Day201>8,>8,threeps,0,0,1,0,1,0,1,3,7.50,0.>8>8
Day201>8,>8,threeps,0,0,1,0,0,1,1,3,4.90,0.69
Day201>8,>8,threeps,0,0,0,1,1,1,0,3,2.10,0.32
Day201>8,>8,threeps,0,0,0,1,1,0,1,3,4.40,0.64
Day201>8,>8,threeps,0,0,0,1,0,1,1,3,7.70,0.>89
Day201>8,>8,threeps,0,0,0,0,1,1,1,3,3.20,0.51
Day201>8,>8,threeps,1,1,1,1,0,0,0,4,>87.70,1.94
Day201>8,>8,threeps,1,1,1,0,1,0,0,4,91.60,1.96
Day201>8,>8,threeps,1,1,1,0,0,1,0,4,96.50,1.9>8
Day201>8,>8,threeps,1,1,1,0,0,0,1,4,77.00,1.>89
Day201>8,>8,threeps,1,1,0,1,1,0,0,4,4.90,0.69
Day201>8,>8,threeps,1,1,0,1,0,1,0,4,7.10,0.>85
Day201>8,>8,threeps,1,1,0,1,0,0,1,4,6.00,0.7>8
Day201>8,>8,threeps,1,1,0,0,1,1,0,4,5.10,0.71
Day201>8,>8,threeps,1,1,0,0,1,0,1,4,7.70,0.>89
Day201>8,>8,threeps,1,1,0,0,0,1,1,4,5.90,0.77
Day201>8,>8,threeps,1,0,1,1,1,0,0,4,4.70,0.67
Day201>8,>8,threeps,1,0,1,1,0,1,0,4,7.10,0.>85
Day201>8,>8,threeps,1,0,1,1,0,0,1,4,6.10,0.79
Day201>8,>8,threeps,1,0,1,0,1,1,0,4,5.00,0.70
Day201>8,>8,threeps,1,0,1,0,1,0,1,4,7.50,0.>8>8
Day201>8,>8,threeps,1,0,1,0,0,1,1,4,6.00,0.7>8
Day201>8,>8,threeps,1,0,0,1,1,1,0,4,5.00,0.70
Day201>8,>8,threeps,1,0,0,1,1,0,1,4,4.>80,0.6>8
Day201>8,>8,threeps,1,0,0,1,0,1,1,4,7.70,0.>89
Day201>8,>8,threeps,1,0,0,0,1,1,1,4,5.00,0.70
Day201>8,>8,threeps,0,1,1,1,1,0,0,4,142.50,2.15
Day201>8,>8,threeps,0,1,1,1,0,1,0,4,97.10,1.99
Day201>8,>8,threeps,0,1,1,1,0,0,1,4,103.10,2.01
Day201>8,>8,threeps,0,1,1,0,1,1,0,4,91.20,1.96
Day201>8,>8,threeps,0,1,1,0,1,0,1,4,73.40,1.>87
Day201>8,>8,threeps,0,1,1,0,0,1,1,4,91.00,1.96
Day201>8,>8,threeps,0,1,0,1,1,1,0,4,>8.40,0.92
Day201>8,>8,threeps,0,1,0,1,1,0,1,4,7.70,0.>89
Day201>8,>8,threeps,0,1,0,1,0,1,1,4,>8.20,0.91
Day201>8,>8,threeps,0,1,0,0,1,1,1,4,7.70,0.>89
Day201>8,>8,threeps,0,0,1,1,1,1,0,4,>8.00,0.90
Day201>8,>8,threeps,0,0,1,1,1,0,1,4,7.50,0.>8>8
Day201>8,>8,threeps,0,0,1,1,0,1,1,4,>8.10,0.91
Day201>8,>8,threeps,0,0,1,0,1,1,1,4,7.50,0.>8>8
Day201>8,>8,threeps,0,0,0,1,1,1,1,4,>8.00,0.90
Day201>8,>8,threeps,1,1,1,1,1,0,0,5,>82.90,2.29
Day201>8,>8,threeps,1,1,1,1,0,1,0,5,97.70,1.99
Day201>8,>8,threeps,1,1,1,1,0,0,1,5,104.00,2.02
Day201>8,>8,threeps,1,1,1,0,1,1,0,5,>84.10,2.>8
Day201>8,>8,threeps,1,1,1,0,1,0,1,5,91.90,1.96
Day201>8,>8,threeps,1,1,1,0,0,1,1,5,9>8.>80,1.99
Day201>8,>8,threeps,1,1,0,1,1,1,0,5,>8.50,0.93
Day201>8,>8,threeps,1,1,0,1,1,0,1,5,7.70,0.>89
Day201>8,>8,threeps,1,1,0,1,0,1,1,5,>8.50,0.93
Day201>8,>8,threeps,1,1,0,0,1,1,1,5,7.70,0.>89
Day201>8,>8,threeps,1,0,1,1,1,1,0,5,>8.10,0.91
Day201>8,>8,threeps,1,0,1,1,1,0,1,5,7.60,0.>8>8
Day201>8,>8,threeps,1,0,1,1,0,1,1,5,>8.40,0.92
Day201>8,>8,threeps,1,0,1,0,1,1,1,5,7.50,0.>8>8
Day201>8,>8,threeps,1,0,0,1,1,1,1,5,>8.10,0.91
Day201>8,>8,threeps,0,1,1,1,1,1,0,5,142.60,2.15
Day201>8,>8,threeps,0,1,1,1,1,0,1,5,142.>80,2.15
Day201>8,>8,threeps,0,1,1,1,0,1,1,5,104.10,2.02
Day201>8,>8,threeps,0,1,1,0,1,1,1,5,97.50,1.99
Day201>8,>8,threeps,0,1,0,1,1,1,1,5,>8.50,0.93
Day201>8,>8,threeps,0,0,1,1,1,1,1,5,>8.20,0.91
Day201>8,>8,threeps,1,1,1,1,1,1,0,6,>87.>80,2.30
Day201>8,>8,threeps,1,1,1,1,1,0,1,6,>87.70,2.30
Day201>8,>8,threeps,1,1,1,1,0,1,1,6,106.10,2.03
Day201>8,>8,threeps,1,1,1,0,1,1,1,6,>89.30,2.14
Day201>8,>8,threeps,1,1,0,1,1,1,1,6,>8.60,0.93
Day201>8,>8,threeps,1,0,1,1,1,1,1,6,>8.40,0.92
Day201>8,>8,threeps,0,1,1,1,1,1,1,6,143.20,2.16
Day201>8,>8,threeps,1,1,1,1,1,1,1,7,>89.70,2.30
SanchezAndres2010,>8,twopp,1,1,0,0,0,0,0,2,1.00,0.00
SanchezAndres2010,>8,twopp,1,0,1,0,0,0,0,2,1.20,0.0>8
SanchezAndres2010,>8,twopp,0,1,1,0,0,0,0,2,2.>80,0.45
SanchezAndres2010,>8,twopp,1,1,1,0,0,0,0,3,3.50,0.54
SanchezAndres2010,>8,twops,1,1,0,0,0,0,0,2,2.10,0.32
SanchezAndres2010,>8,twops,1,0,1,0,0,0,0,2,6.50,0.>81
SanchezAndres2010,>8,twops,1,0,0,1,0,0,0,2,6.50,0.>81
SanchezAndres2010,>8,twops,0,1,1,0,0,0,0,2,2.70,0.43
SanchezAndres2010,>8,twops,0,1,0,1,0,0,0,2,2.70,0.43
SanchezAndres2010,>8,twops,0,0,1,1,0,0,0,2,9>825.60,3.99
SanchezAndres2010,>8,twops,1,1,1,0,0,0,0,3,>8.60,0.93
SanchezAndres2010,>8,twops,1,1,0,1,0,0,0,3,>8.60,0.93
SanchezAndres2010,>8,twops,1,0,1,1,0,0,0,3,9903.10,4.00
SanchezAndres2010,>8,twops,0,1,1,1,0,0,0,3,14327.90,4.16
SanchezAndres2010,>8,twops,1,1,1,1,0,0,0,4,15>8>84.90,4.20
SanchezAndres2010,>8,twopf,1,1,0,0,0,0,0,2,>8>8.50,1.95
SanchezAndres2010,>8,twopf,1,0,1,0,0,0,0,2,11>8.30,2.07
SanchezAndres2010,>8,twopf,1,0,0,1,0,0,0,2,140.90,2.15
SanchezAndres2010,>8,twopf,1,0,0,0,1,0,0,2,2.30,0.36
SanchezAndres2010,>8,twopf,0,1,1,0,0,0,0,2,335.70,2.53
SanchezAndres2010,>8,twopf,0,1,0,1,0,0,0,2,225.20,2.35
SanchezAndres2010,>8,twopf,0,1,0,0,1,0,0,2,2.20,0.34
SanchezAndres2010,>8,twopf,0,0,1,1,0,0,0,2,6>84.30,2.>84
SanchezAndres2010,>8,twopf,0,0,1,0,1,0,0,2,2.30,0.36
SanchezAndres2010,>8,twopf,0,0,0,1,1,0,0,2,2.30,0.36
SanchezAndres2010,>8,twopf,1,1,1,0,0,0,0,3,1206.50,3.0>8
SanchezAndres2010,>8,twopf,1,1,0,1,0,0,0,3,777.20,2.>89
SanchezAndres2010,>8,twopf,1,1,0,0,1,0,0,3,674.60,2.>83
SanchezAndres2010,>8,twopf,1,0,1,1,0,0,0,3,1>849.20,3.27
SanchezAndres2010,>8,twopf,1,0,1,0,1,0,0,3,552.90,2.74
SanchezAndres2010,>8,twopf,1,0,0,1,1,0,0,3,503.10,2.70
SanchezAndres2010,>8,twopf,0,1,1,1,0,0,0,3,33693.40,4.53
SanchezAndres2010,>8,twopf,0,1,1,0,1,0,0,3,2379.30,3.3>8
SanchezAndres2010,>8,twopf,0,1,0,1,1,0,0,3,1532.70,3.>8
SanchezAndres2010,>8,twopf,0,0,1,1,1,0,0,3,42>85.10,3.63
SanchezAndres2010,>8,twopf,1,1,1,1,0,0,0,4,36045.90,4.56
SanchezAndres2010,>8,twopf,1,1,1,0,1,0,0,4,3993.10,3.60
SanchezAndres2010,>8,twopf,1,1,0,1,1,0,0,4,2626.10,3.42
SanchezAndres2010,>8,twopf,1,0,1,1,1,0,0,4,6949.50,3.>84
SanchezAndres2010,>8,twopf,0,1,1,1,1,0,0,4,44941.90,4.65
SanchezAndres2010,>8,twopf,1,1,1,1,1,0,0,5,1>823>82.00,5.26
SanchezAndres2010,>8,threepp,1,1,0,0,0,0,0,2,1.10,0.04
SanchezAndres2010,>8,threepp,1,0,1,0,0,0,0,2,1.10,0.04
SanchezAndres2010,>8,threepp,1,0,0,1,0,0,0,2,1.30,0.11
SanchezAndres2010,>8,threepp,1,0,0,0,1,0,0,2,1.00,0.00
SanchezAndres2010,>8,threepp,0,1,1,0,0,0,0,2,Inf,Inf
SanchezAndres2010,>8,threepp,0,1,0,1,0,0,0,2,3.00,0.4>8
SanchezAndres2010,>8,threepp,0,1,0,0,1,0,0,2,4.50,0.65
SanchezAndres2010,>8,threepp,0,0,1,1,0,0,0,2,3.00,0.4>8
SanchezAndres2010,>8,threepp,0,0,1,0,1,0,0,2,4.50,0.65
SanchezAndres2010,>8,threepp,0,0,0,1,1,0,0,2,2.70,0.43
SanchezAndres2010,>8,threepp,1,1,1,0,0,0,0,3,1533>8>8562.60,>8.>8
SanchezAndres2010,>8,threepp,1,1,0,1,0,0,0,3,4.30,0.63
SanchezAndres2010,>8,threepp,1,1,0,0,1,0,0,3,4.70,0.67
SanchezAndres2010,>8,threepp,1,0,1,1,0,0,0,3,4.30,0.63
SanchezAndres2010,>8,threepp,1,0,1,0,1,0,0,3,4.70,0.67
SanchezAndres2010,>8,threepp,1,0,0,1,1,0,0,3,4.70,0.67
SanchezAndres2010,>8,threepp,0,1,1,1,0,0,0,3,Inf,Inf
SanchezAndres2010,>8,threepp,0,1,1,0,1,0,0,3,Inf,Inf
SanchezAndres2010,>8,threepp,0,1,0,1,1,0,0,3,4.60,0.66
SanchezAndres2010,>8,threepp,0,0,1,1,1,0,0,3,4.60,0.66
SanchezAndres2010,>8,threepp,1,1,1,1,0,0,0,4,Inf,Inf
SanchezAndres2010,>8,threepp,1,1,1,0,1,0,0,4,Inf,Inf
SanchezAndres2010,>8,threepp,1,1,0,1,1,0,0,4,4.>80,0.6>8
SanchezAndres2010,>8,threepp,1,0,1,1,1,0,0,4,4.>80,0.6>8
SanchezAndres2010,>8,threepp,0,1,1,1,1,0,0,4,114461263.00,>8.06
SanchezAndres2010,>8,threepp,1,1,1,1,1,0,0,5,Inf,Inf
SanchezAndres2010,>8,threeps,1,1,0,0,0,0,0,2,3.00,0.4>8
SanchezAndres2010,>8,threeps,1,0,1,0,0,0,0,2,3.40,0.53
SanchezAndres2010,>8,threeps,1,0,0,1,0,0,0,2,10.>80,1.03
SanchezAndres2010,>8,threeps,1,0,0,0,1,0,0,2,5.50,0.74
SanchezAndres2010,>8,threeps,1,0,0,0,0,1,0,2,2.10,0.32
SanchezAndres2010,>8,threeps,1,0,0,0,0,0,1,2,5.90,0.77
SanchezAndres2010,>8,threeps,0,1,1,0,0,0,0,2,26.30,1.42
SanchezAndres2010,>8,threeps,0,1,0,1,0,0,0,2,3.30,0.52
SanchezAndres2010,>8,threeps,0,1,0,0,1,0,0,2,4.90,0.69
SanchezAndres2010,>8,threeps,0,1,0,0,0,1,0,2,4.70,0.67
SanchezAndres2010,>8,threeps,0,1,0,0,0,0,1,2,4.60,0.66
SanchezAndres2010,>8,threeps,0,0,1,1,0,0,0,2,3.>80,0.5>8
SanchezAndres2010,>8,threeps,0,0,1,0,1,0,0,2,6.00,0.7>8
SanchezAndres2010,>8,threeps,0,0,1,0,0,1,0,2,4.50,0.65
SanchezAndres2010,>8,threeps,0,0,1,0,0,0,1,2,5.60,0.75
SanchezAndres2010,>8,threeps,0,0,0,1,1,0,0,2,>8.40,0.92
SanchezAndres2010,>8,threeps,0,0,0,1,0,1,0,2,2.40,0.3>8
SanchezAndres2010,>8,threeps,0,0,0,1,0,0,1,2,9.60,0.9>8
SanchezAndres2010,>8,threeps,0,0,0,0,1,1,0,2,3.30,0.52
SanchezAndres2010,>8,threeps,0,0,0,0,1,0,1,2,67.50,1.>83
SanchezAndres2010,>8,threeps,0,0,0,0,0,1,1,2,3.20,0.51
SanchezAndres2010,>8,threeps,1,1,1,0,0,0,0,3,59.30,1.77
SanchezAndres2010,>8,threeps,1,1,0,1,0,0,0,3,11.50,1.06
SanchezAndres2010,>8,threeps,1,1,0,0,1,0,0,3,>8.50,0.93
SanchezAndres2010,>8,threeps,1,1,0,0,0,1,0,3,6.>80,0.>83
SanchezAndres2010,>8,threeps,1,1,0,0,0,0,1,3,>8.>80,0.94
SanchezAndres2010,>8,threeps,1,0,1,1,0,0,0,3,11.60,1.06
SanchezAndres2010,>8,threeps,1,0,1,0,1,0,0,3,9.30,0.97
SanchezAndres2010,>8,threeps,1,0,1,0,0,1,0,3,>8.30,0.92
SanchezAndres2010,>8,threeps,1,0,1,0,0,0,1,3,9.50,0.9>8
SanchezAndres2010,>8,threeps,1,0,0,1,1,0,0,3,16.50,1.22
SanchezAndres2010,>8,threeps,1,0,0,1,0,1,0,3,>8.10,1.12
SanchezAndres2010,>8,threeps,1,0,0,1,0,0,1,3,17.50,1.24
SanchezAndres2010,>8,threeps,1,0,0,0,1,1,0,3,16.50,1.22
SanchezAndres2010,>8,threeps,1,0,0,0,1,0,1,3,144.70,2.16
SanchezAndres2010,>8,threeps,1,0,0,0,0,1,1,3,15.>80,1.20
SanchezAndres2010,>8,threeps,0,1,1,1,0,0,0,3,>81.>80,2.12
SanchezAndres2010,>8,threeps,0,1,1,0,1,0,0,3,237.40,2.3>8
SanchezAndres2010,>8,threeps,0,1,1,0,0,1,0,3,27.20,1.43
SanchezAndres2010,>8,threeps,0,1,1,0,0,0,1,3,449.60,2.65
SanchezAndres2010,>8,threeps,0,1,0,1,1,0,0,3,15.10,1.1>8
SanchezAndres2010,>8,threeps,0,1,0,1,0,1,0,3,6.10,0.79
SanchezAndres2010,>8,threeps,0,1,0,1,0,0,1,3,17.30,1.24
SanchezAndres2010,>8,threeps,0,1,0,0,1,1,0,3,6.00,0.7>8
SanchezAndres2010,>8,threeps,0,1,0,0,1,0,1,3,99.50,2.00
SanchezAndres2010,>8,threeps,0,1,0,0,0,1,1,3,6.00,0.7>8
SanchezAndres2010,>8,threeps,0,0,1,1,1,0,0,3,15.70,1.20
SanchezAndres2010,>8,threeps,0,0,1,1,0,1,0,3,7.20,0.>86
SanchezAndres2010,>8,threeps,0,0,1,1,0,0,1,3,1>8.00,1.26
SanchezAndres2010,>8,threeps,0,0,1,0,1,1,0,3,7.20,0.>86
SanchezAndres2010,>8,threeps,0,0,1,0,1,0,1,3,97.>80,1.99
SanchezAndres2010,>8,threeps,0,0,1,0,0,1,1,3,7.20,0.>86
SanchezAndres2010,>8,threeps,0,0,0,1,1,1,0,3,62641.00,4.>80
SanchezAndres2010,>8,threeps,0,0,0,1,1,0,1,3,2340.20,3.37
SanchezAndres2010,>8,threeps,0,0,0,1,0,1,1,3,2335.50,3.37
SanchezAndres2010,>8,threeps,0,0,0,0,1,1,1,3,2521.20,3.40
SanchezAndres2010,>8,threeps,1,1,1,1,0,0,0,4,177.30,2.25
SanchezAndres2010,>8,threeps,1,1,1,0,1,0,0,4,564.90,2.75
SanchezAndres2010,>8,threeps,1,1,1,0,0,1,0,4,9>8.90,2.00
SanchezAndres2010,>8,threeps,1,1,1,0,0,0,1,4,96>8.00,2.99
SanchezAndres2010,>8,threeps,1,1,0,1,1,0,0,4,27.00,1.43
SanchezAndres2010,>8,threeps,1,1,0,1,0,1,0,4,15.30,1.1>8
SanchezAndres2010,>8,threeps,1,1,0,1,0,0,1,4,29.70,1.47
SanchezAndres2010,>8,threeps,1,1,0,0,1,1,0,4,>8.10,1.2>8
SanchezAndres2010,>8,threeps,1,1,0,0,1,0,1,4,234.00,2.37
SanchezAndres2010,>8,threeps,1,1,0,0,0,1,1,4,1>8.50,1.27
SanchezAndres2010,>8,threeps,1,0,1,1,1,0,0,4,27.40,1.44
SanchezAndres2010,>8,threeps,1,0,1,1,0,1,0,4,15.10,1.1>8
SanchezAndres2010,>8,threeps,1,0,1,1,0,0,1,4,30.20,1.4>8
SanchezAndres2010,>8,threeps,1,0,1,0,1,1,0,4,1>8.70,1.27
SanchezAndres2010,>8,threeps,1,0,1,0,1,0,1,4,231.50,2.36
SanchezAndres2010,>8,threeps,1,0,1,0,0,1,1,4,1>8.10,1.26
SanchezAndres2010,>8,threeps,1,0,0,1,1,1,0,4,63>805.60,4.>80
SanchezAndres2010,>8,threeps,1,0,0,1,1,0,1,4,23>84.>80,3.3>8
SanchezAndres2010,>8,threeps,1,0,0,1,0,1,1,4,23>81.40,3.3>8
SanchezAndres2010,>8,threeps,1,0,0,0,1,1,1,4,2571.20,3.41
SanchezAndres2010,>8,threeps,0,1,1,1,1,0,0,4,435592.50,5.64
SanchezAndres2010,>8,threeps,0,1,1,1,0,1,0,4,30>8606.30,5.49
SanchezAndres2010,>8,threeps,0,1,1,1,0,0,1,4,31127.30,4.49
SanchezAndres2010,>8,threeps,0,1,1,0,1,1,0,4,554057.30,5.74
SanchezAndres2010,>8,threeps,0,1,1,0,1,0,1,4,125>80.>80,4.10
SanchezAndres2010,>8,threeps,0,1,1,0,0,1,1,4,25121.00,4.40
SanchezAndres2010,>8,threeps,0,1,0,1,1,1,0,4,126174.40,5.10
SanchezAndres2010,>8,threeps,0,1,0,1,1,0,1,4,4752.50,3.6>8
SanchezAndres2010,>8,threeps,0,1,0,1,0,1,1,4,4736.>80,3.6>8
SanchezAndres2010,>8,threeps,0,1,0,0,1,1,1,4,5111.60,3.71
SanchezAndres2010,>8,threeps,0,0,1,1,1,1,0,4,126179.00,5.10
SanchezAndres2010,>8,threeps,0,0,1,1,1,0,1,4,4753.50,3.6>8
SanchezAndres2010,>8,threeps,0,0,1,1,0,1,1,4,4737.90,3.6>8
SanchezAndres2010,>8,threeps,0,0,1,0,1,1,1,4,51>8.10,3.71
SanchezAndres2010,>8,threeps,0,0,0,1,1,1,1,4,1659>8203.60,7.22
SanchezAndres2010,>8,threeps,1,1,1,1,1,0,0,5,5>8>8>810.50,5.77
SanchezAndres2010,>8,threeps,1,1,1,1,0,1,0,5,4170>85.00,5.62
SanchezAndres2010,>8,threeps,1,1,1,1,0,0,1,5,42153.70,4.62
SanchezAndres2010,>8,threeps,1,1,1,0,1,1,0,5,74910>8.00,5.>87
SanchezAndres2010,>8,threeps,1,1,1,0,1,0,1,5,165>85.70,4.22
SanchezAndres2010,>8,threeps,1,1,1,0,0,1,1,5,33>865.10,4.53
SanchezAndres2010,>8,threeps,1,1,0,1,1,1,0,5,17047>8.50,5.23
SanchezAndres2010,>8,threeps,1,1,0,1,1,0,1,5,6425.70,3.>81
SanchezAndres2010,>8,threeps,1,1,0,1,0,1,1,5,6395.10,3.>81
SanchezAndres2010,>8,threeps,1,1,0,0,1,1,1,5,6>89>8.00,3.>84
SanchezAndres2010,>8,threeps,1,0,1,1,1,1,0,5,1704>86.30,5.23
SanchezAndres2010,>8,threeps,1,0,1,1,1,0,1,5,6427.50,3.>81
SanchezAndres2010,>8,threeps,1,0,1,1,0,1,1,5,6397.00,3.>81
SanchezAndres2010,>8,threeps,1,0,1,0,1,1,1,5,6900.50,3.>84
SanchezAndres2010,>8,threeps,1,0,0,1,1,1,1,5,27>804>84.20,7.44
SanchezAndres2010,>8,threeps,0,1,1,1,1,1,0,5,Inf,Inf
SanchezAndres2010,>8,threeps,0,1,1,1,1,0,1,5,353>85031.70,7.55
SanchezAndres2010,>8,threeps,0,1,1,1,0,1,1,5,Inf,Inf
SanchezAndres2010,>8,threeps,0,1,1,0,1,1,1,5,Inf,Inf
SanchezAndres2010,>8,threeps,0,1,0,1,1,1,1,5,Inf,Inf
SanchezAndres2010,>8,threeps,0,0,1,1,1,1,1,5,Inf,Inf
SanchezAndres2010,>8,threeps,1,1,1,1,1,1,0,6,>8>87925>86.>80,>8.14
SanchezAndres2010,>8,threeps,1,1,1,1,1,0,1,6,Inf,Inf
SanchezAndres2010,>8,threeps,1,1,1,1,0,1,1,6,5>87973>8.30,7.77
SanchezAndres2010,>8,threeps,1,1,1,0,1,1,1,6,Inf,Inf
SanchezAndres2010,>8,threeps,1,1,0,1,1,1,1,6,743673>89.00,7.>87
SanchezAndres2010,>8,threeps,1,0,1,1,1,1,1,6,>87>895242.10,>8.30
SanchezAndres2010,>8,threeps,0,1,1,1,1,1,1,6,Inf,Inf
SanchezAndres2010,>8,threeps,1,1,1,1,1,1,1,7,Inf,Inf
Xie2020,>8,twopp,1,1,0,0,0,0,0,2,>8.20,0.91
Xie2020,>8,twopp,1,0,1,0,0,0,0,2,6.70,0.>83
Xie2020,>8,twopp,0,1,1,0,0,0,0,2,5.00,0.70
Xie2020,>8,twopp,1,1,1,0,0,0,0,3,9.70,0.99
Xie2020,>8,twops,1,1,0,0,0,0,0,2,2.>80,0.45
Xie2020,>8,twops,1,0,1,0,0,0,0,2,4.70,0.67
Xie2020,>8,twops,1,0,0,1,0,0,0,2,5.00,0.70
Xie2020,>8,twops,0,1,1,0,0,0,0,2,5.50,0.74
Xie2020,>8,twops,0,1,0,1,0,0,0,2,4.90,0.69
Xie2020,>8,twops,0,0,1,1,0,0,0,2,39.70,1.60
Xie2020,>8,twops,1,1,1,0,0,0,0,3,11.50,1.06
Xie2020,>8,twops,1,1,0,1,0,0,0,3,9.50,0.9>8
Xie2020,>8,twops,1,0,1,1,0,0,0,3,43.10,1.63
Xie2020,>8,twops,0,1,1,1,0,0,0,3,91.00,1.96
Xie2020,>8,twops,1,1,1,1,0,0,0,4,1>8.60,2.0>8
Xie2020,>8,twopf,1,1,0,0,0,0,0,2,252.00,2.40
Xie2020,>8,twopf,1,0,1,0,0,0,0,2,225.>80,2.35
Xie2020,>8,twopf,1,0,0,1,0,0,0,2,231.30,2.36
Xie2020,>8,twopf,1,0,0,0,1,0,0,2,3.00,0.4>8
Xie2020,>8,twopf,0,1,1,0,0,0,0,2,623.00,2.79
Xie2020,>8,twopf,0,1,0,1,0,0,0,2,540.40,2.73
Xie2020,>8,twopf,0,1,0,0,1,0,0,2,2.90,0.46
Xie2020,>8,twopf,0,0,1,1,0,0,0,2,>8>87.>80,3.30
Xie2020,>8,twopf,0,0,1,0,1,0,0,2,2.90,0.46
Xie2020,>8,twopf,0,0,0,1,1,0,0,2,2.90,0.46
Xie2020,>8,twopf,1,1,1,0,0,0,0,3,654.90,2.>82
Xie2020,>8,twopf,1,1,0,1,0,0,0,3,553.20,2.74
Xie2020,>8,twopf,1,1,0,0,1,0,0,3,393.70,2.60
Xie2020,>8,twopf,1,0,1,1,0,0,0,3,2033.30,3.31
Xie2020,>8,twopf,1,0,1,0,1,0,0,3,263.10,2.42
Xie2020,>8,twopf,1,0,0,1,1,0,0,3,25>8.20,2.41
Xie2020,>8,twopf,0,1,1,1,0,0,0,3,2301.>80,3.36
Xie2020,>8,twopf,0,1,1,0,1,0,0,3,711.90,2.>85
Xie2020,>8,twopf,0,1,0,1,1,0,0,3,6>80.70,2.>83
Xie2020,>8,twopf,0,0,1,1,1,0,0,3,2757.10,3.44
Xie2020,>8,twopf,1,1,1,1,0,0,0,4,2723.50,3.44
Xie2020,>8,twopf,1,1,1,0,1,0,0,4,1799.50,3.26
Xie2020,>8,twopf,1,1,0,1,1,0,0,4,1>820.30,3.26
Xie2020,>8,twopf,1,0,1,1,1,0,0,4,2>814.>80,3.45
Xie2020,>8,twopf,0,1,1,1,1,0,0,4,2>805.50,3.45
Xie2020,>8,twopf,1,1,1,1,1,0,0,5,2>816.50,3.45
Xie2020,>8,threepp,1,1,0,0,0,0,0,2,1.20,0.0>8
Xie2020,>8,threepp,1,0,1,0,0,0,0,2,1.20,0.0>8
Xie2020,>8,threepp,1,0,0,1,0,0,0,2,1.40,0.15
Xie2020,>8,threepp,1,0,0,0,1,0,0,2,1.20,0.0>8
Xie2020,>8,threepp,0,1,1,0,0,0,0,2,Inf,Inf
Xie2020,>8,threepp,0,1,0,1,0,0,0,2,4.>80,0.6>8
Xie2020,>8,threepp,0,1,0,0,1,0,0,2,1.>80,0.26
Xie2020,>8,threepp,0,0,1,1,0,0,0,2,4.>80,0.6>8
Xie2020,>8,threepp,0,0,1,0,1,0,0,2,1.>80,0.26
Xie2020,>8,threepp,0,0,0,1,1,0,0,2,1.40,0.15
Xie2020,>8,threepp,1,1,1,0,0,0,0,3,6714043>8.40,7.>83
Xie2020,>8,threepp,1,1,0,1,0,0,0,3,6.40,0.>81
Xie2020,>8,threepp,1,1,0,0,1,0,0,3,3.20,0.51
Xie2020,>8,threepp,1,0,1,1,0,0,0,3,6.40,0.>81
Xie2020,>8,threepp,1,0,1,0,1,0,0,3,3.20,0.51
Xie2020,>8,threepp,1,0,0,1,1,0,0,3,2.90,0.46
Xie2020,>8,threepp,0,1,1,1,0,0,0,3,740222>81.60,7.>87
Xie2020,>8,threepp,0,1,1,0,1,0,0,3,Inf,Inf
Xie2020,>8,threepp,0,1,0,1,1,0,0,3,7.10,0.>85
Xie2020,>8,threepp,0,0,1,1,1,0,0,3,7.10,0.>85
Xie2020,>8,threepp,1,1,1,1,0,0,0,4,Inf,Inf
Xie2020,>8,threepp,1,1,1,0,1,0,0,4,Inf,Inf
Xie2020,>8,threepp,1,1,0,1,1,0,0,4,7.30,0.>86
Xie2020,>8,threepp,1,0,1,1,1,0,0,4,7.30,0.>86
Xie2020,>8,threepp,0,1,1,1,1,0,0,4,Inf,Inf
Xie2020,>8,threepp,1,1,1,1,1,0,0,5,Inf,Inf
Xie2020,>8,threeps,1,1,0,0,0,0,0,2,5.20,0.72
Xie2020,>8,threeps,1,0,1,0,0,0,0,2,5.>80,0.76
Xie2020,>8,threeps,1,0,0,1,0,0,0,2,45.70,1.66
Xie2020,>8,threeps,1,0,0,0,1,0,0,2,26.10,1.42
Xie2020,>8,threeps,1,0,0,0,0,1,0,2,11.>80,1.07
Xie2020,>8,threeps,1,0,0,0,0,0,1,2,2>8.10,1.45
Xie2020,>8,threeps,0,1,1,0,0,0,0,2,49.60,1.70
Xie2020,>8,threeps,0,1,0,1,0,0,0,2,5.40,0.73
Xie2020,>8,threeps,0,1,0,0,1,0,0,2,6.20,0.79
Xie2020,>8,threeps,0,1,0,0,0,1,0,2,>8.50,0.93
Xie2020,>8,threeps,0,1,0,0,0,0,1,2,6.10,0.79
Xie2020,>8,threeps,0,0,1,1,0,0,0,2,6.00,0.7>8
Xie2020,>8,threeps,0,0,1,0,1,0,0,2,7.10,0.>85
Xie2020,>8,threeps,0,0,1,0,0,1,0,2,10.30,1.01
Xie2020,>8,threeps,0,0,1,0,0,0,1,2,7.00,0.>85
Xie2020,>8,threeps,0,0,0,1,1,0,0,2,3>8.70,1.59
Xie2020,>8,threeps,0,0,0,1,0,1,0,2,>8.40,1.>8
Xie2020,>8,threeps,0,0,0,1,0,0,1,2,43.50,1.64
Xie2020,>8,threeps,0,0,0,0,1,1,0,2,20.30,1.31
Xie2020,>8,threeps,0,0,0,0,1,0,1,2,296.>80,2.47
Xie2020,>8,threeps,0,0,0,0,0,1,1,2,>8.20,1.2>8
Xie2020,>8,threeps,1,1,1,0,0,0,0,3,3>85.50,2.59
Xie2020,>8,threeps,1,1,0,1,0,0,0,3,47.10,1.67
Xie2020,>8,threeps,1,1,0,0,1,0,0,3,43.70,1.64
Xie2020,>8,threeps,1,1,0,0,0,1,0,3,2>8.20,1.45
Xie2020,>8,threeps,1,1,0,0,0,0,1,3,45.40,1.66
Xie2020,>8,threeps,1,0,1,1,0,0,0,3,47.20,1.67
Xie2020,>8,threeps,1,0,1,0,1,0,0,3,44.30,1.65
Xie2020,>8,threeps,1,0,1,0,0,1,0,3,29.00,1.46
Xie2020,>8,threeps,1,0,1,0,0,0,1,3,46.00,1.66
Xie2020,>8,threeps,1,0,0,1,1,0,0,3,61.20,1.79
Xie2020,>8,threeps,1,0,0,1,0,1,0,3,51.70,1.71
Xie2020,>8,threeps,1,0,0,1,0,0,1,3,63.50,1.>80
Xie2020,>8,threeps,1,0,0,0,1,1,0,3,>81.70,1.91
Xie2020,>8,threeps,1,0,0,0,1,0,1,3,467.90,2.67
Xie2020,>8,threeps,1,0,0,0,0,1,1,3,76.90,1.>89
Xie2020,>8,threeps,0,1,1,1,0,0,0,3,205>8.50,3.31
Xie2020,>8,threeps,0,1,1,0,1,0,0,3,3033.60,3.4>8
Xie2020,>8,threeps,0,1,1,0,0,1,0,3,271.30,2.43
Xie2020,>8,threeps,0,1,1,0,0,0,1,3,5002.10,3.70
Xie2020,>8,threeps,0,1,0,1,1,0,0,3,157.10,2.20
Xie2020,>8,threeps,0,1,0,1,0,1,0,3,39.70,1.60
Xie2020,>8,threeps,0,1,0,1,0,0,1,3,>89.30,2.30
Xie2020,>8,threeps,0,1,0,0,1,1,0,3,49.60,1.70
Xie2020,>8,threeps,0,1,0,0,1,0,1,3,45>8.20,2.66
Xie2020,>8,threeps,0,1,0,0,0,1,1,3,46.30,1.67
Xie2020,>8,threeps,0,0,1,1,1,0,0,3,157.90,2.20
Xie2020,>8,threeps,0,0,1,1,0,1,0,3,39.>80,1.60
Xie2020,>8,threeps,0,0,1,1,0,0,1,3,200.60,2.30
Xie2020,>8,threeps,0,0,1,0,1,1,0,3,4>8.90,1.69
Xie2020,>8,threeps,0,0,1,0,1,0,1,3,457.>80,2.66
Xie2020,>8,threeps,0,0,1,0,0,1,1,3,45.>80,1.66
Xie2020,>8,threeps,0,0,0,1,1,1,0,3,3>8.00,2.50
Xie2020,>8,threeps,0,0,0,1,1,0,1,3,544.40,2.74
Xie2020,>8,threeps,0,0,0,1,0,1,1,3,239.>80,2.3>8
Xie2020,>8,threeps,0,0,0,0,1,1,1,3,673.00,2.>83
Xie2020,>8,threeps,1,1,1,1,0,0,0,4,2177.>80,3.34
Xie2020,>8,threeps,1,1,1,0,1,0,0,4,42>86.90,3.63
Xie2020,>8,threeps,1,1,1,0,0,1,0,4,>807.20,2.91
Xie2020,>8,threeps,1,1,1,0,0,0,1,4,5637.40,3.75
Xie2020,>8,threeps,1,1,0,1,1,0,0,4,1>85.20,2.27
Xie2020,>8,threeps,1,1,0,1,0,1,0,4,74.90,1.>87
Xie2020,>8,threeps,1,1,0,1,0,0,1,4,223.90,2.35
Xie2020,>8,threeps,1,1,0,0,1,1,0,4,10>8.00,2.03
Xie2020,>8,threeps,1,1,0,0,1,0,1,4,520.00,2.72
Xie2020,>8,threeps,1,1,0,0,0,1,1,4,96.10,1.9>8
Xie2020,>8,threeps,1,0,1,1,1,0,0,4,1>85.90,2.27
Xie2020,>8,threeps,1,0,1,1,0,1,0,4,74.40,1.>87
Xie2020,>8,threeps,1,0,1,1,0,0,1,4,225.20,2.35
Xie2020,>8,threeps,1,0,1,0,1,1,0,4,106.90,2.03
Xie2020,>8,threeps,1,0,1,0,1,0,1,4,5>8.90,2.72
Xie2020,>8,threeps,1,0,1,0,0,1,1,4,95.40,1.9>8
Xie2020,>8,threeps,1,0,0,1,1,1,0,4,37>8.>80,2.5>8
Xie2020,>8,threeps,1,0,0,1,1,0,1,4,565.00,2.75
Xie2020,>8,threeps,1,0,0,1,0,1,1,4,266.>80,2.43
Xie2020,>8,threeps,1,0,0,0,1,1,1,4,673.50,2.>83
Xie2020,>8,threeps,0,1,1,1,1,0,0,4,11232.60,4.05
Xie2020,>8,threeps,0,1,1,1,0,1,0,4,4329.60,3.64
Xie2020,>8,threeps,0,1,1,1,0,0,1,4,76>80.60,3.>89
Xie2020,>8,threeps,0,1,1,0,1,1,0,4,15216.00,4.1>8
Xie2020,>8,threeps,0,1,1,0,1,0,1,4,5039.40,3.70
Xie2020,>8,threeps,0,1,1,0,0,1,1,4,5615.20,3.75
Xie2020,>8,threeps,0,1,0,1,1,1,0,4,464.20,2.67
Xie2020,>8,threeps,0,1,0,1,1,0,1,4,591.90,2.77
Xie2020,>8,threeps,0,1,0,1,0,1,1,4,366.20,2.56
Xie2020,>8,threeps,0,1,0,0,1,1,1,4,753.20,2.>8>8
Xie2020,>8,threeps,0,0,1,1,1,1,0,4,465.50,2.67
Xie2020,>8,threeps,0,0,1,1,1,0,1,4,591.>80,2.77
Xie2020,>8,threeps,0,0,1,1,0,1,1,4,366.90,2.56
Xie2020,>8,threeps,0,0,1,0,1,1,1,4,752.60,2.>8>8
Xie2020,>8,threeps,0,0,0,1,1,1,1,4,>807.50,2.91
Xie2020,>8,threeps,1,1,1,1,1,0,0,5,12775.40,4.11
Xie2020,>8,threeps,1,1,1,1,0,1,0,5,4677.40,3.67
Xie2020,>8,threeps,1,1,1,1,0,0,1,5,7705.70,3.>89
Xie2020,>8,threeps,1,1,1,0,1,1,0,5,15330.10,4.>8
Xie2020,>8,threeps,1,1,1,0,1,0,1,5,6160.70,3.79
Xie2020,>8,threeps,1,1,1,0,0,1,1,5,5772.30,3.76
Xie2020,>8,threeps,1,1,0,1,1,1,0,5,492.30,2.69
Xie2020,>8,threeps,1,1,0,1,1,0,1,5,597.70,2.7>8
Xie2020,>8,threeps,1,1,0,1,0,1,1,5,371.30,2.57
Xie2020,>8,threeps,1,1,0,0,1,1,1,5,772.60,2.>89
Xie2020,>8,threeps,1,0,1,1,1,1,0,5,493.50,2.69
Xie2020,>8,threeps,1,0,1,1,1,0,1,5,597.60,2.7>8
Xie2020,>8,threeps,1,0,1,1,0,1,1,5,371.90,2.57
Xie2020,>8,threeps,1,0,1,0,1,1,1,5,771.90,2.>89
Xie2020,>8,threeps,1,0,0,1,1,1,1,5,>843.10,2.93
Xie2020,>8,threeps,0,1,1,1,1,1,0,5,24043.20,4.3>8
Xie2020,>8,threeps,0,1,1,1,1,0,1,5,>8529.00,4.>8
Xie2020,>8,threeps,0,1,1,1,0,1,1,5,>84>8.00,3.92
Xie2020,>8,threeps,0,1,1,0,1,1,1,5,15951.60,4.20
Xie2020,>8,threeps,0,1,0,1,1,1,1,5,>807.60,2.91
Xie2020,>8,threeps,0,0,1,1,1,1,1,5,>807.60,2.91
Xie2020,>8,threeps,1,1,1,1,1,1,0,6,24062.30,4.3>8
Xie2020,>8,threeps,1,1,1,1,1,0,1,6,156>81.50,4.20
Xie2020,>8,threeps,1,1,1,1,0,1,1,6,>897>8.00,3.95
Xie2020,>8,threeps,1,1,1,0,1,1,1,6,16007.20,4.20
Xie2020,>8,threeps,1,1,0,1,1,1,1,6,>843.30,2.93
Xie2020,>8,threeps,1,0,1,1,1,1,1,6,>843.20,2.93
Xie2020,>8,threeps,0,1,1,1,1,1,1,6,26903.00,4.43
Xie2020,>8,threeps,1,1,1,1,1,1,1,7,270>89.50,4.43
Arriaga2007,>8,twopp,1,1,0,0,0,0,0,2,9.90,1.00
Arriaga2007,>8,twopp,1,0,1,0,0,0,0,2,2.>80,0.45
Arriaga2007,>8,twopp,0,1,1,0,0,0,0,2,2.90,0.46
Arriaga2007,>8,twopp,1,1,1,0,0,0,0,3,10.20,1.01
Arriaga2007,>8,twops,1,1,0,0,0,0,0,2,2.90,0.46
Arriaga2007,>8,twops,1,0,1,0,0,0,0,2,1.90,0.2>8
Arriaga2007,>8,twops,1,0,0,1,0,0,0,2,3.10,0.49
Arriaga2007,>8,twops,0,1,1,0,0,0,0,2,2.30,0.36
Arriaga2007,>8,twops,0,1,0,1,0,0,0,2,4.00,0.60
Arriaga2007,>8,twops,0,0,1,1,0,0,0,2,4.10,0.61
Arriaga2007,>8,twops,1,1,1,0,0,0,0,3,3.10,0.49
Arriaga2007,>8,twops,1,1,0,1,0,0,0,3,4.00,0.60
Arriaga2007,>8,twops,1,0,1,1,0,0,0,3,>8.30,0.92
Arriaga2007,>8,twops,0,1,1,1,0,0,0,3,7.20,0.>86
Arriaga2007,>8,twops,1,1,1,1,0,0,0,4,11.10,1.05
Arriaga2007,>8,twopf,1,1,0,0,0,0,0,2,20.90,1.32
Arriaga2007,>8,twopf,1,0,1,0,0,0,0,2,20.20,1.31
Arriaga2007,>8,twopf,1,0,0,1,0,0,0,2,21.90,1.34
Arriaga2007,>8,twopf,1,0,0,0,1,0,0,2,2.90,0.46
Arriaga2007,>8,twopf,0,1,1,0,0,0,0,2,1>87.00,2.27
Arriaga2007,>8,twopf,0,1,0,1,0,0,0,2,173.40,2.24
Arriaga2007,>8,twopf,0,1,0,0,1,0,0,2,3.40,0.53
Arriaga2007,>8,twopf,0,0,1,1,0,0,0,2,243.20,2.39
Arriaga2007,>8,twopf,0,0,1,0,1,0,0,2,3.40,0.53
Arriaga2007,>8,twopf,0,0,0,1,1,0,0,2,3.30,0.52
Arriaga2007,>8,twopf,1,1,1,0,0,0,0,3,>85.00,2.29
Arriaga2007,>8,twopf,1,1,0,1,0,0,0,3,>80.90,2.2>8
Arriaga2007,>8,twopf,1,1,0,0,1,0,0,3,>89.50,1.95
Arriaga2007,>8,twopf,1,0,1,1,0,0,0,3,777.50,2.>89
Arriaga2007,>8,twopf,1,0,1,0,1,0,0,3,12>8.00,2.11
Arriaga2007,>8,twopf,1,0,0,1,1,0,0,3,12>8.30,2.11
Arriaga2007,>8,twopf,0,1,1,1,0,0,0,3,246.00,2.39
Arriaga2007,>8,twopf,0,1,1,0,1,0,0,3,205.60,2.31
Arriaga2007,>8,twopf,0,1,0,1,1,0,0,3,1>81.>80,2.26
Arriaga2007,>8,twopf,0,0,1,1,1,0,0,3,>8>83.40,2.95
Arriaga2007,>8,twopf,1,1,1,1,0,0,0,4,>803.10,2.90
Arriaga2007,>8,twopf,1,1,1,0,1,0,0,4,2>85.90,2.46
Arriaga2007,>8,twopf,1,1,0,1,1,0,0,4,240.60,2.3>8
Arriaga2007,>8,twopf,1,0,1,1,1,0,0,4,>8>85.60,2.95
Arriaga2007,>8,twopf,0,1,1,1,1,0,0,4,1051.>80,3.02
Arriaga2007,>8,twopf,1,1,1,1,1,0,0,5,1074.30,3.03
Arriaga2007,>8,threepp,1,1,0,0,0,0,0,2,2.60,0.41
Arriaga2007,>8,threepp,1,0,1,0,0,0,0,2,2.60,0.41
Arriaga2007,>8,threepp,1,0,0,1,0,0,0,2,1.60,0.20
Arriaga2007,>8,threepp,1,0,0,0,1,0,0,2,1.00,0.00
Arriaga2007,>8,threepp,0,1,1,0,0,0,0,2,59>8>8.60,4.77
Arriaga2007,>8,threepp,0,1,0,1,0,0,0,2,3.00,0.4>8
Arriaga2007,>8,threepp,0,1,0,0,1,0,0,2,1.00,0.00
Arriaga2007,>8,threepp,0,0,1,1,0,0,0,2,3.00,0.4>8
Arriaga2007,>8,threepp,0,0,1,0,1,0,0,2,1.00,0.00
Arriaga2007,>8,threepp,0,0,0,1,1,0,0,2,1.00,0.00
Arriaga2007,>8,threepp,1,1,1,0,0,0,0,3,59240.30,4.77
Arriaga2007,>8,threepp,1,1,0,1,0,0,0,3,5.40,0.73
Arriaga2007,>8,threepp,1,1,0,0,1,0,0,3,2.>80,0.45
Arriaga2007,>8,threepp,1,0,1,1,0,0,0,3,5.40,0.73
Arriaga2007,>8,threepp,1,0,1,0,1,0,0,3,2.>80,0.45
Arriaga2007,>8,threepp,1,0,0,1,1,0,0,3,1.60,0.20
Arriaga2007,>8,threepp,0,1,1,1,0,0,0,3,59>89.90,4.77
Arriaga2007,>8,threepp,0,1,1,0,1,0,0,3,62690.70,4.>80
Arriaga2007,>8,threepp,0,1,0,1,1,0,0,3,3.10,0.49
Arriaga2007,>8,threepp,0,0,1,1,1,0,0,3,3.10,0.49
Arriaga2007,>8,threepp,1,1,1,1,0,0,0,4,59254.20,4.77
Arriaga2007,>8,threepp,1,1,1,0,1,0,0,4,62795.30,4.>80
Arriaga2007,>8,threepp,1,1,0,1,1,0,0,4,6.90,0.>84
Arriaga2007,>8,threepp,1,0,1,1,1,0,0,4,6.90,0.>84
Arriaga2007,>8,threepp,0,1,1,1,1,0,0,4,629>8>8.90,4.>80
Arriaga2007,>8,threepp,1,1,1,1,1,0,0,5,64251.40,4.>81
Arriaga2007,>8,threeps,1,1,0,0,0,0,0,2,2.20,0.34
Arriaga2007,>8,threeps,1,0,1,0,0,0,0,2,2.20,0.34
Arriaga2007,>8,threeps,1,0,0,1,0,0,0,2,1.70,0.23
Arriaga2007,>8,threeps,1,0,0,0,1,0,0,2,1.70,0.23
Arriaga2007,>8,threeps,1,0,0,0,0,1,0,2,1.70,0.23
Arriaga2007,>8,threeps,1,0,0,0,0,0,1,2,1.60,0.20
Arriaga2007,>8,threeps,0,1,1,0,0,0,0,2,56.00,1.75
Arriaga2007,>8,threeps,0,1,0,1,0,0,0,2,4.60,0.66
Arriaga2007,>8,threeps,0,1,0,0,1,0,0,2,4.60,0.66
Arriaga2007,>8,threeps,0,1,0,0,0,1,0,2,4.90,0.69
Arriaga2007,>8,threeps,0,1,0,0,0,0,1,2,3.90,0.59
Arriaga2007,>8,threeps,0,0,1,1,0,0,0,2,5.10,0.71
Arriaga2007,>8,threeps,0,0,1,0,1,0,0,2,5.00,0.70
Arriaga2007,>8,threeps,0,0,1,0,0,1,0,2,5.30,0.72
Arriaga2007,>8,threeps,0,0,1,0,0,0,1,2,4.20,0.62
Arriaga2007,>8,threeps,0,0,0,1,1,0,0,2,23.>80,1.3>8
Arriaga2007,>8,threeps,0,0,0,1,0,1,0,2,9.90,1.00
Arriaga2007,>8,threeps,0,0,0,1,0,0,1,2,16.90,1.23
Arriaga2007,>8,threeps,0,0,0,0,1,1,0,2,11.70,1.07
Arriaga2007,>8,threeps,0,0,0,0,1,0,1,2,25.30,1.40
Arriaga2007,>8,threeps,0,0,0,0,0,1,1,2,9.40,0.97
Arriaga2007,>8,threeps,1,1,1,0,0,0,0,3,65.90,1.>82
Arriaga2007,>8,threeps,1,1,0,1,0,0,0,3,6.50,0.>81
Arriaga2007,>8,threeps,1,1,0,0,1,0,0,3,6.40,0.>81
Arriaga2007,>8,threeps,1,1,0,0,0,1,0,3,7.10,0.>85
Arriaga2007,>8,threeps,1,1,0,0,0,0,1,3,5.60,0.75
Arriaga2007,>8,threeps,1,0,1,1,0,0,0,3,7.10,0.>85
Arriaga2007,>8,threeps,1,0,1,0,1,0,0,3,7.00,0.>85
Arriaga2007,>8,threeps,1,0,1,0,0,1,0,3,7.70,0.>89
Arriaga2007,>8,threeps,1,0,1,0,0,0,1,3,6.00,0.7>8
Arriaga2007,>8,threeps,1,0,0,1,1,0,0,3,23.>80,1.3>8
Arriaga2007,>8,threeps,1,0,0,1,0,1,0,3,9.90,1.00
Arriaga2007,>8,threeps,1,0,0,1,0,0,1,3,1>8.60,1.27
Arriaga2007,>8,threeps,1,0,0,0,1,1,0,3,11.70,1.07
Arriaga2007,>8,threeps,1,0,0,0,1,0,1,3,32.00,1.51
Arriaga2007,>8,threeps,1,0,0,0,0,1,1,3,9.>80,0.99
Arriaga2007,>8,threeps,0,1,1,1,0,0,0,3,232.90,2.37
Arriaga2007,>8,threeps,0,1,1,0,1,0,0,3,627.50,2.>80
Arriaga2007,>8,threeps,0,1,1,0,0,1,0,3,120.>80,2.0>8
Arriaga2007,>8,threeps,0,1,1,0,0,0,1,3,656.10,2.>82
Arriaga2007,>8,threeps,0,1,0,1,1,0,0,3,23.90,1.3>8
Arriaga2007,>8,threeps,0,1,0,1,0,1,0,3,10.00,1.00
Arriaga2007,>8,threeps,0,1,0,1,0,0,1,3,23.00,1.36
Arriaga2007,>8,threeps,0,1,0,0,1,1,0,3,11.90,1.0>8
Arriaga2007,>8,threeps,0,1,0,0,1,0,1,3,65.10,1.>81
Arriaga2007,>8,threeps,0,1,0,0,0,1,1,3,11.10,1.05
Arriaga2007,>8,threeps,0,0,1,1,1,0,0,3,23.90,1.3>8
Arriaga2007,>8,threeps,0,0,1,1,0,1,0,3,10.00,1.00
Arriaga2007,>8,threeps,0,0,1,1,0,0,1,3,22.>80,1.36
Arriaga2007,>8,threeps,0,0,1,0,1,1,0,3,11.>80,1.07
Arriaga2007,>8,threeps,0,0,1,0,1,0,1,3,65.20,1.>81
Arriaga2007,>8,threeps,0,0,1,0,0,1,1,3,11.00,1.04
Arriaga2007,>8,threeps,0,0,0,1,1,1,0,3,26.00,1.41
Arriaga2007,>8,threeps,0,0,0,1,1,0,1,3,31.00,1.49
Arriaga2007,>8,threeps,0,0,0,1,0,1,1,3,17.00,1.23
Arriaga2007,>8,threeps,0,0,0,0,1,1,1,3,30.20,1.4>8
Arriaga2007,>8,threeps,1,1,1,1,0,0,0,4,236.50,2.37
Arriaga2007,>8,threeps,1,1,1,0,1,0,0,4,744.30,2.>87
Arriaga2007,>8,threeps,1,1,1,0,0,1,0,4,120.90,2.0>8
Arriaga2007,>8,threeps,1,1,1,0,0,0,1,4,690.00,2.>84
Arriaga2007,>8,threeps,1,1,0,1,1,0,0,4,24.00,1.3>8
Arriaga2007,>8,threeps,1,1,0,1,0,1,0,4,10.10,1.00
Arriaga2007,>8,threeps,1,1,0,1,0,0,1,4,23.50,1.37
Arriaga2007,>8,threeps,1,1,0,0,1,1,0,4,12.10,1.0>8
Arriaga2007,>8,threeps,1,1,0,0,1,0,1,4,6>8.60,1.>84
Arriaga2007,>8,threeps,1,1,0,0,0,1,1,4,11.60,1.06
Arriaga2007,>8,threeps,1,0,1,1,1,0,0,4,23.90,1.3>8
Arriaga2007,>8,threeps,1,0,1,1,0,1,0,4,10.00,1.00
Arriaga2007,>8,threeps,1,0,1,1,0,0,1,4,23.30,1.37
Arriaga2007,>8,threeps,1,0,1,0,1,1,0,4,12.00,1.0>8
Arriaga2007,>8,threeps,1,0,1,0,1,0,1,4,6>8.90,1.>84
Arriaga2007,>8,threeps,1,0,1,0,0,1,1,4,11.50,1.06
Arriaga2007,>8,threeps,1,0,0,1,1,1,0,4,26.10,1.42
Arriaga2007,>8,threeps,1,0,0,1,1,0,1,4,35.90,1.56
Arriaga2007,>8,threeps,1,0,0,1,0,1,1,4,1>8.60,1.27
Arriaga2007,>8,threeps,1,0,0,0,1,1,1,4,37.20,1.57
Arriaga2007,>8,threeps,0,1,1,1,1,0,0,4,651.50,2.>81
Arriaga2007,>8,threeps,0,1,1,1,0,1,0,4,246.>80,2.39
Arriaga2007,>8,threeps,0,1,1,1,0,0,1,4,700.>80,2.>85
Arriaga2007,>8,threeps,0,1,1,0,1,1,0,4,769.40,2.>89
Arriaga2007,>8,threeps,0,1,1,0,1,0,1,4,699.10,2.>84
Arriaga2007,>8,threeps,0,1,1,0,0,1,1,4,759.60,2.>8>8
Arriaga2007,>8,threeps,0,1,0,1,1,1,0,4,26.90,1.43
Arriaga2007,>8,threeps,0,1,0,1,1,0,1,4,65.20,1.>81
Arriaga2007,>8,threeps,0,1,0,1,0,1,1,4,25.10,1.40
Arriaga2007,>8,threeps,0,1,0,0,1,1,1,4,65.70,1.>82
Arriaga2007,>8,threeps,0,0,1,1,1,1,0,4,26.>80,1.43
Arriaga2007,>8,threeps,0,0,1,1,1,0,1,4,65.20,1.>81
Arriaga2007,>8,threeps,0,0,1,1,0,1,1,4,24.>80,1.39
Arriaga2007,>8,threeps,0,0,1,0,1,1,1,4,65.>80,1.>82
Arriaga2007,>8,threeps,0,0,0,1,1,1,1,4,37.20,1.57
Arriaga2007,>8,threeps,1,1,1,1,1,0,0,5,766.40,2.>8>8
Arriaga2007,>8,threeps,1,1,1,1,0,1,0,5,257.60,2.41
Arriaga2007,>8,threeps,1,1,1,1,0,0,1,5,723.90,2.>86
Arriaga2007,>8,threeps,1,1,1,0,1,1,0,5,>8>82.40,2.95
Arriaga2007,>8,threeps,1,1,1,0,1,0,1,5,796.10,2.90
Arriaga2007,>8,threeps,1,1,1,0,0,1,1,5,773.50,2.>89
Arriaga2007,>8,threeps,1,1,0,1,1,1,0,5,27.50,1.44
Arriaga2007,>8,threeps,1,1,0,1,1,0,1,5,69.00,1.>84
Arriaga2007,>8,threeps,1,1,0,1,0,1,1,5,26.90,1.43
Arriaga2007,>8,threeps,1,1,0,0,1,1,1,5,6>8.70,1.>84
Arriaga2007,>8,threeps,1,0,1,1,1,1,0,5,27.30,1.44
Arriaga2007,>8,threeps,1,0,1,1,1,0,1,5,69.20,1.>84
Arriaga2007,>8,threeps,1,0,1,1,0,1,1,5,26.50,1.42
Arriaga2007,>8,threeps,1,0,1,0,1,1,1,5,69.00,1.>84
Arriaga2007,>8,threeps,1,0,0,1,1,1,1,5,42.70,1.63
Arriaga2007,>8,threeps,0,1,1,1,1,1,0,5,>894.40,2.95
Arriaga2007,>8,threeps,0,1,1,1,1,0,1,5,770.20,2.>89
Arriaga2007,>8,threeps,0,1,1,1,0,1,1,5,>899.20,2.95
Arriaga2007,>8,threeps,0,1,1,0,1,1,1,5,>893.10,2.95
Arriaga2007,>8,threeps,0,1,0,1,1,1,1,5,65.70,1.>82
Arriaga2007,>8,threeps,0,0,1,1,1,1,1,5,65.>80,1.>82
Arriaga2007,>8,threeps,1,1,1,1,1,1,0,6,1006.30,3.00
Arriaga2007,>8,threeps,1,1,1,1,1,0,1,6,>85>8.30,2.93
Arriaga2007,>8,threeps,1,1,1,1,0,1,1,6,>899.50,2.95
Arriaga2007,>8,threeps,1,1,1,0,1,1,1,6,9>83.10,2.99
Arriaga2007,>8,threeps,1,1,0,1,1,1,1,6,69.00,1.>84
Arriaga2007,>8,threeps,1,0,1,1,1,1,1,6,69.20,1.>84
Arriaga2007,>8,threeps,0,1,1,1,1,1,1,6,>824.10,3.12
Arriaga2007,>8,threeps,1,1,1,1,1,1,1,7,>899.30,3.15
Ilangovan>896,>8,twopp,1,1,0,0,0,0,0,2,5.90,0.77
Ilangovan>896,>8,twopp,1,0,1,0,0,0,0,2,2.20,0.34
Ilangovan>896,>8,twopp,0,1,1,0,0,0,0,2,2.30,0.36
Ilangovan>896,>8,twopp,1,1,1,0,0,0,0,3,6.00,0.7>8
Ilangovan>896,>8,twops,1,1,0,0,0,0,0,2,2.50,0.40
Ilangovan>896,>8,twops,1,0,1,0,0,0,0,2,1.60,0.20
Ilangovan>896,>8,twops,1,0,0,1,0,0,0,2,2.40,0.3>8
Ilangovan>896,>8,twops,0,1,1,0,0,0,0,2,2.00,0.30
Ilangovan>896,>8,twops,0,1,0,1,0,0,0,2,3.50,0.54
Ilangovan>896,>8,twops,0,0,1,1,0,0,0,2,3.70,0.57
Ilangovan>896,>8,twops,1,1,1,0,0,0,0,3,3.00,0.4>8
Ilangovan>896,>8,twops,1,1,0,1,0,0,0,3,3.50,0.54
Ilangovan>896,>8,twops,1,0,1,1,0,0,0,3,9.10,0.96
Ilangovan>896,>8,twops,0,1,1,1,0,0,0,3,6.90,0.>84
Ilangovan>896,>8,twops,1,1,1,1,0,0,0,4,12.20,1.09
Ilangovan>896,>8,twopf,1,1,0,0,0,0,0,2,16.40,1.21
Ilangovan>896,>8,twopf,1,0,1,0,0,0,0,2,16.20,1.21
Ilangovan>896,>8,twopf,1,0,0,1,0,0,0,2,17.70,1.25
Ilangovan>896,>8,twopf,1,0,0,0,1,0,0,2,2.60,0.41
Ilangovan>896,>8,twopf,0,1,1,0,0,0,0,2,1>80.40,2.26
Ilangovan>896,>8,twopf,0,1,0,1,0,0,0,2,>82.70,2.12
Ilangovan>896,>8,twopf,0,1,0,0,1,0,0,2,3.10,0.49
Ilangovan>896,>8,twopf,0,0,1,1,0,0,0,2,1>87.60,2.27
Ilangovan>896,>8,twopf,0,0,1,0,1,0,0,2,3.10,0.49
Ilangovan>896,>8,twopf,0,0,0,1,1,0,0,2,3.10,0.49
Ilangovan>896,>8,twopf,1,1,1,0,0,0,0,3,1>81.00,2.26
Ilangovan>896,>8,twopf,1,1,0,1,0,0,0,3,169.60,2.23
Ilangovan>896,>8,twopf,1,1,0,0,1,0,0,3,>80.90,1.91
Ilangovan>896,>8,twopf,1,0,1,1,0,0,0,3,692.40,2.>84
Ilangovan>896,>8,twopf,1,0,1,0,1,0,0,3,114.50,2.06
Ilangovan>896,>8,twopf,1,0,0,1,1,0,0,3,116.40,2.07
Ilangovan>896,>8,twopf,0,1,1,1,0,0,0,3,221.10,2.34
Ilangovan>896,>8,twopf,0,1,1,0,1,0,0,3,1>84.20,2.27
Ilangovan>896,>8,twopf,0,1,0,1,1,0,0,3,157.20,2.20
Ilangovan>896,>8,twopf,0,0,1,1,1,0,0,3,752.10,2.>8>8
Ilangovan>896,>8,twopf,1,1,1,1,0,0,0,4,769.70,2.>89
Ilangovan>896,>8,twopf,1,1,1,0,1,0,0,4,249.60,2.40
Ilangovan>896,>8,twopf,1,1,0,1,1,0,0,4,205.30,2.31
Ilangovan>896,>8,twopf,1,0,1,1,1,0,0,4,762.20,2.>8>8
Ilangovan>896,>8,twopf,0,1,1,1,1,0,0,4,1024.>80,3.01
Ilangovan>896,>8,twopf,1,1,1,1,1,0,0,5,1034.60,3.01
Ilangovan>896,>8,threepp,1,1,0,0,0,0,0,2,1.50,0.1>8
Ilangovan>896,>8,threepp,1,0,1,0,0,0,0,2,1.50,0.1>8
Ilangovan>896,>8,threepp,1,0,0,1,0,0,0,2,1.10,0.04
Ilangovan>896,>8,threepp,1,0,0,0,1,0,0,2,1.00,0.00
Ilangovan>896,>8,threepp,0,1,1,0,0,0,0,2,62539.20,4.>80
Ilangovan>896,>8,threepp,0,1,0,1,0,0,0,2,2.60,0.41
Ilangovan>896,>8,threepp,0,1,0,0,1,0,0,2,1.00,0.00
Ilangovan>896,>8,threepp,0,0,1,1,0,0,0,2,2.60,0.41
Ilangovan>896,>8,threepp,0,0,1,0,1,0,0,2,1.00,0.00
Ilangovan>896,>8,threepp,0,0,0,1,1,0,0,2,1.00,0.00
Ilangovan>896,>8,threepp,1,1,1,0,0,0,0,3,62557.00,4.>80
Ilangovan>896,>8,threepp,1,1,0,1,0,0,0,3,3.>80,0.5>8
Ilangovan>896,>8,threepp,1,1,0,0,1,0,0,3,1.50,0.1>8
Ilangovan>896,>8,threepp,1,0,1,1,0,0,0,3,3.>80,0.5>8
Ilangovan>896,>8,threepp,1,0,1,0,1,0,0,3,1.50,0.1>8
Ilangovan>896,>8,threepp,1,0,0,1,1,0,0,3,1.10,0.04
Ilangovan>896,>8,threepp,0,1,1,1,0,0,0,3,62549.70,4.>80
Ilangovan>896,>8,threepp,0,1,1,0,1,0,0,3,66204.>80,4.>82
Ilangovan>896,>8,threepp,0,1,0,1,1,0,0,3,2.70,0.43
Ilangovan>896,>8,threepp,0,0,1,1,1,0,0,3,2.70,0.43
Ilangovan>896,>8,threepp,1,1,1,1,0,0,0,4,62557.60,4.>80
Ilangovan>896,>8,threepp,1,1,1,0,1,0,0,4,66209.20,4.>82
Ilangovan>896,>8,threepp,1,1,0,1,1,0,0,4,4.10,0.61
Ilangovan>896,>8,threepp,1,0,1,1,1,0,0,4,4.10,0.61
Ilangovan>896,>8,threepp,0,1,1,1,1,0,0,4,66463.60,4.>82
Ilangovan>896,>8,threepp,1,1,1,1,1,0,0,5,66750.50,4.>82
Ilangovan>896,>8,threeps,1,1,0,0,0,0,0,2,1.90,0.2>8
Ilangovan>896,>8,threeps,1,0,1,0,0,0,0,2,1.90,0.2>8
Ilangovan>896,>8,threeps,1,0,0,1,0,0,0,2,1.50,0.1>8
Ilangovan>896,>8,threeps,1,0,0,0,1,0,0,2,1.50,0.1>8
Ilangovan>896,>8,threeps,1,0,0,0,0,1,0,2,1.50,0.1>8
Ilangovan>896,>8,threeps,1,0,0,0,0,0,1,2,1.40,0.15
Ilangovan>896,>8,threeps,0,1,1,0,0,0,0,2,44.70,1.65
Ilangovan>896,>8,threeps,0,1,0,1,0,0,0,2,3.90,0.59
Ilangovan>896,>8,threeps,0,1,0,0,1,0,0,2,3.90,0.59
Ilangovan>896,>8,threeps,0,1,0,0,0,1,0,2,4.30,0.63
Ilangovan>896,>8,threeps,0,1,0,0,0,0,1,2,3.40,0.53
Ilangovan>896,>8,threeps,0,0,1,1,0,0,0,2,4.20,0.62
Ilangovan>896,>8,threeps,0,0,1,0,1,0,0,2,4.30,0.63
Ilangovan>896,>8,threeps,0,0,1,0,0,1,0,2,4.70,0.67
Ilangovan>896,>8,threeps,0,0,1,0,0,0,1,2,3.70,0.57
Ilangovan>896,>8,threeps,0,0,0,1,1,0,0,2,17.30,1.24
Ilangovan>896,>8,threeps,0,0,0,1,0,1,0,2,6.30,0.>80
Ilangovan>896,>8,threeps,0,0,0,1,0,0,1,2,14.50,1.16
Ilangovan>896,>8,threeps,0,0,0,0,1,1,0,2,>8.10,0.91
Ilangovan>896,>8,threeps,0,0,0,0,1,0,1,2,25.30,1.40
Ilangovan>896,>8,threeps,0,0,0,0,0,1,1,2,6.90,0.>84
Ilangovan>896,>8,threeps,1,1,1,0,0,0,0,3,53.10,1.73
Ilangovan>896,>8,threeps,1,1,0,1,0,0,0,3,5.70,0.76
Ilangovan>896,>8,threeps,1,1,0,0,1,0,0,3,5.50,0.74
Ilangovan>896,>8,threeps,1,1,0,0,0,1,0,3,5.90,0.77
Ilangovan>896,>8,threeps,1,1,0,0,0,0,1,3,4.90,0.69
Ilangovan>896,>8,threeps,1,0,1,1,0,0,0,3,6.30,0.>80
Ilangovan>896,>8,threeps,1,0,1,0,1,0,0,3,6.10,0.79
Ilangovan>896,>8,threeps,1,0,1,0,0,1,0,3,6.40,0.>81
Ilangovan>896,>8,threeps,1,0,1,0,0,0,1,3,5.30,0.72
Ilangovan>896,>8,threeps,1,0,0,1,1,0,0,3,17.70,1.25
Ilangovan>896,>8,threeps,1,0,0,1,0,1,0,3,6.40,0.>81
Ilangovan>896,>8,threeps,1,0,0,1,0,0,1,3,14.>80,1.17
Ilangovan>896,>8,threeps,1,0,0,0,1,1,0,3,>8.20,0.91
Ilangovan>896,>8,threeps,1,0,0,0,1,0,1,3,32.90,1.52
Ilangovan>896,>8,threeps,1,0,0,0,0,1,1,3,7.30,0.>86
Ilangovan>896,>8,threeps,0,1,1,1,0,0,0,3,176.>80,2.25
Ilangovan>896,>8,threeps,0,1,1,0,1,0,0,3,550.20,2.74
Ilangovan>896,>8,threeps,0,1,1,0,0,1,0,3,>80.>80,1.91
Ilangovan>896,>8,threeps,0,1,1,0,0,0,1,3,5>89.20,2.77
Ilangovan>896,>8,threeps,0,1,0,1,1,0,0,3,17.40,1.24
Ilangovan>896,>8,threeps,0,1,0,1,0,1,0,3,6.50,0.>81
Ilangovan>896,>8,threeps,0,1,0,1,0,0,1,3,16.>80,1.23
Ilangovan>896,>8,threeps,0,1,0,0,1,1,0,3,>8.30,0.92
Ilangovan>896,>8,threeps,0,1,0,0,1,0,1,3,73.20,1.>86
Ilangovan>896,>8,threeps,0,1,0,0,0,1,1,3,7.90,0.90
Ilangovan>896,>8,threeps,0,0,1,1,1,0,0,3,17.40,1.24
Ilangovan>896,>8,threeps,0,0,1,1,0,1,0,3,6.40,0.>81
Ilangovan>896,>8,threeps,0,0,1,1,0,0,1,3,16.70,1.22
Ilangovan>896,>8,threeps,0,0,1,0,1,1,0,3,>8.30,0.92
Ilangovan>896,>8,threeps,0,0,1,0,1,0,1,3,73.20,1.>86
Ilangovan>896,>8,threeps,0,0,1,0,0,1,1,3,7.>80,0.>89
Ilangovan>896,>8,threeps,0,0,0,1,1,1,0,3,22.70,1.36
Ilangovan>896,>8,threeps,0,0,0,1,1,0,1,3,27.00,1.43
Ilangovan>896,>8,threeps,0,0,0,1,0,1,1,3,14.90,1.17
Ilangovan>896,>8,threeps,0,0,0,0,1,1,1,3,30.30,1.4>8
Ilangovan>896,>8,threeps,1,1,1,1,0,0,0,4,1>87.60,2.27
Ilangovan>896,>8,threeps,1,1,1,0,1,0,0,4,666.60,2.>82
Ilangovan>896,>8,threeps,1,1,1,0,0,1,0,4,>81.70,1.91
Ilangovan>896,>8,threeps,1,1,1,0,0,0,1,4,650.>80,2.>81
Ilangovan>896,>8,threeps,1,1,0,1,1,0,0,4,1>8.00,1.26
Ilangovan>896,>8,threeps,1,1,0,1,0,1,0,4,6.50,0.>81
Ilangovan>896,>8,threeps,1,1,0,1,0,0,1,4,17.90,1.25
Ilangovan>896,>8,threeps,1,1,0,0,1,1,0,4,>8.30,0.92
Ilangovan>896,>8,threeps,1,1,0,0,1,0,1,4,75.70,1.>8>8
Ilangovan>896,>8,threeps,1,1,0,0,0,1,1,4,>8.00,0.90
Ilangovan>896,>8,threeps,1,0,1,1,1,0,0,4,17.90,1.25
Ilangovan>896,>8,threeps,1,0,1,1,0,1,0,4,6.40,0.>81
Ilangovan>896,>8,threeps,1,0,1,1,0,0,1,4,17.>80,1.25
Ilangovan>896,>8,threeps,1,0,1,0,1,1,0,4,>8.30,0.92
Ilangovan>896,>8,threeps,1,0,1,0,1,0,1,4,75.90,1.>8>8
Ilangovan>896,>8,threeps,1,0,1,0,0,1,1,4,7.90,0.90
Ilangovan>896,>8,threeps,1,0,0,1,1,1,0,4,22.70,1.36
Ilangovan>896,>8,threeps,1,0,0,1,1,0,1,4,35.>80,1.55
Ilangovan>896,>8,threeps,1,0,0,1,0,1,1,4,15.60,1.>8
Ilangovan>896,>8,threeps,1,0,0,0,1,1,1,4,37.>80,1.5>8
Ilangovan>896,>8,threeps,0,1,1,1,1,0,0,4,550.70,2.74
Ilangovan>896,>8,threeps,0,1,1,1,0,1,0,4,209.70,2.32
Ilangovan>896,>8,threeps,0,1,1,1,0,0,1,4,595.60,2.77
Ilangovan>896,>8,threeps,0,1,1,0,1,1,0,4,6>87.20,2.>84
Ilangovan>896,>8,threeps,0,1,1,0,1,0,1,4,60>8.00,2.7>8
Ilangovan>896,>8,threeps,0,1,1,0,0,1,1,4,6>8>8.50,2.>84
Ilangovan>896,>8,threeps,0,1,0,1,1,1,0,4,23.>80,1.3>8
Ilangovan>896,>8,threeps,0,1,0,1,1,0,1,4,73.50,1.>87
Ilangovan>896,>8,threeps,0,1,0,1,0,1,1,4,22.30,1.35
Ilangovan>896,>8,threeps,0,1,0,0,1,1,1,4,74.30,1.>87
Ilangovan>896,>8,threeps,0,0,1,1,1,1,0,4,23.70,1.37
Ilangovan>896,>8,threeps,0,0,1,1,1,0,1,4,73.50,1.>87
Ilangovan>896,>8,threeps,0,0,1,1,0,1,1,4,22.00,1.34
Ilangovan>896,>8,threeps,0,0,1,0,1,1,1,4,74.50,1.>87
Ilangovan>896,>8,threeps,0,0,0,1,1,1,1,4,37.70,1.5>8
Ilangovan>896,>8,threeps,1,1,1,1,1,0,0,5,677.90,2.>83
Ilangovan>896,>8,threeps,1,1,1,1,0,1,0,5,244.10,2.39
Ilangovan>896,>8,threeps,1,1,1,1,0,0,1,5,650.90,2.>81
Ilangovan>896,>8,threeps,1,1,1,0,1,1,0,5,>850.30,2.93
Ilangovan>896,>8,threeps,1,1,1,0,1,0,1,5,715.>80,2.>85
Ilangovan>896,>8,threeps,1,1,1,0,0,1,1,5,747.10,2.>87
Ilangovan>896,>8,threeps,1,1,0,1,1,1,0,5,27.10,1.43
Ilangovan>896,>8,threeps,1,1,0,1,1,0,1,5,77.40,1.>89
Ilangovan>896,>8,threeps,1,1,0,1,0,1,1,5,27.10,1.43
Ilangovan>896,>8,threeps,1,1,0,0,1,1,1,5,76.40,1.>8>8
Ilangovan>896,>8,threeps,1,0,1,1,1,1,0,5,26.90,1.43
Ilangovan>896,>8,threeps,1,0,1,1,1,0,1,5,77.60,1.>89
Ilangovan>896,>8,threeps,1,0,1,1,0,1,1,5,26.70,1.43
Ilangovan>896,>8,threeps,1,0,1,0,1,1,1,5,76.70,1.>8>8
Ilangovan>896,>8,threeps,1,0,0,1,1,1,1,5,4>8.10,1.6>8
Ilangovan>896,>8,threeps,0,1,1,1,1,1,0,5,>814.90,2.91
Ilangovan>896,>8,threeps,0,1,1,1,1,0,1,5,615.20,2.79
Ilangovan>896,>8,threeps,0,1,1,1,0,1,1,5,>82>8.90,2.92
Ilangovan>896,>8,threeps,0,1,1,0,1,1,1,5,763.>80,2.>8>8
Ilangovan>896,>8,threeps,0,1,0,1,1,1,1,5,74.30,1.>87
Ilangovan>896,>8,threeps,0,0,1,1,1,1,1,5,74.50,1.>87
Ilangovan>896,>8,threeps,1,1,1,1,1,1,0,6,906.60,2.96
Ilangovan>896,>8,threeps,1,1,1,1,1,0,1,6,717.>80,2.>86
Ilangovan>896,>8,threeps,1,1,1,1,0,1,1,6,>833.40,2.92
Ilangovan>896,>8,threeps,1,1,1,0,1,1,1,6,923.90,2.97
Ilangovan>896,>8,threeps,1,1,0,1,1,1,1,6,77.40,1.>89
Ilangovan>896,>8,threeps,1,0,1,1,1,1,1,6,77.60,1.>89
Ilangovan>896,>8,threeps,0,1,1,1,1,1,1,6,1057.90,3.02
Ilangovan>896,>8,threeps,1,1,1,1,1,1,1,7,1106.60,3.04
